#include "FLV_Cluster_APP.h"
#include "LCD.h"
#if 0
//GPIO port bit reset register : BRR
//GPIO port bit set/reset register : BSRR
#define Data0_Reset	GPIOD->BSRR = 0x01
#define Data0_Set	GPIOD->BSRR = 0x01

#define Data1_Reset	GPIOD->BRR = 0x02
#define Data1_Set	GPIOD->BSRR = 0x02

#define Data2_Reset	GPIOD->BRR = 0x04
#define Data2_Set	GPIOD->BSRR = 0x04

#define Data3_Reset	GPIOD->BRR = 0x08
#define Data3_Set	GPIOD->BSRR = 0x08

#define Data4_Reset	GPIOD->BRR = 0x10
#define Data4_Set	GPIOD->BSRR = 0x10

#define Data5_Reset	GPIOD->BRR = 0x20
#define Data5_Set	GPIOD->BSRR = 0x20

#define Data6_Reset	GPIOD->BRR = 0x40
#define Data6_Set	GPIOD->BSRR = 0x40

#define Data7_Reset	GPIOD->BRR = 0x80
#define Data7_Set	GPIOD->BSRR = 0x80

//GPIO port bit reset register : BRR
//GPIO port bit set/reset register : BSRR
#endif

#define IND_LCD_REG_SEL	GPIOD->BSRR = 0x8000000  //Low: select an index or status register    →   RS    A register select signal
#define CON_LCD_REG_SEL	GPIOD->BSRR = 0x800    //High: select a control register

#define LCD_RESET_ON	        GPIOD->BSRR = 0x20000000
#define LCD_RESET_OFF	        GPIOD->BSRR = 0x2000

#define LCD_Read_On		GPIOD->BSRR = 0x2000000   //Active Low (LOW일 때 동작)  → /RD    Read signal
#define LCD_Read_Off		GPIOD->BSRR = 0x200

#define LCD_Write_On	GPIOD->BSRR = 0x4000000   //Active Low (LOW일 때 동작)  → /WR    Write signal 
#define LCD_Write_Off	GPIOD->BSRR = 0x400

#define CHIP_SEL_ON	        	GPIOD->BSRR = 0x10000000   //Active Low (LOW일 때 동작)   →  /CS    Chip select signal ( low active)
#define CHIP_SEL_OFF          	GPIOD->BSRR = 0x1000

#define LCD_Input		0
#define LCD_Output		1

#define TEMP_BUFF_SIZE	100

unsigned int LCD_Timing_Delay = 0;
unsigned char arrMultiLen[10];

const unsigned short intro_logo[] = {
0x0000, 0x07f3, 
0x0000, 0xfc08, 0xbdf7, 0x3186, 0xfc08, 0x0000, 0x8c71, 0xfc07, 0xbdf7, 0x630c, 0xfc02, 0x0000, 0x9cf3, 0xfc08, 0xbdf7, 0x8410, 0xfc0a, 0x0000, 0x4208, 0xfc09, 0xbdf7, 0x2104, 0x0000, 0x630c, 0xfc07, 0xbdf7, 0x8c71, 0xfc0a, 0x0000, 0xfc08, 0xbdf7, 0x3186, 0xfc04, 0x0000, 0x8c71, 0xfc09, 0xbdf7, 0x9cf3, 0xfc09, 0x0000, 0x630c, 0xfc07, 0xbdf7, 0xfc05, 0x0000, 0x630c, 0xfc0e, 0xbdf7, 0xad75, 0x8410, 0x738e, 0x4208, 0xfc15, 0x0000, 0x8410, 0xfc09, 0xbdf7, 0x8c71, 0xfc0d, 0x0000, 0x3186, 0xfc08, 0xbdf7, 0x0000, 
0x0000, 0xfc08, 0xffff, 0x4208, 0xfc08, 0x0000, 0xbdf7, 0xfc07, 0xffff, 0x8410, 0xfc02, 0x0000, 0x528a, 0xfc09, 0xffff, 0x2104, 0xfc09, 0x0000, 0xbdf7, 0xfc08, 0xffff, 0xbdf7, 0xfc02, 0x0000, 0x8410, 0xfc07, 0xffff, 0xbdf7, 0xfc0a, 0x0000, 0xfc08, 0xffff, 0x4208, 0xfc04, 0x0000, 0xbdf7, 0xfc0a, 0xffff, 0x4208, 0xfc08, 0x0000, 0x8410, 0xfc07, 0xffff, 0xfc05, 0x0000, 0x8410, 0xfc13, 0xffff, 0xad75, 0x630c, 0xfc11, 0x0000, 0x1082, 0xef7d, 0xfc0a, 0xffff, 0x1082, 0xfc0c, 0x0000, 0x4208, 0xfc08, 0xffff, 0x0000, 
0x0000, 0xfc08, 0xffff, 0x4208, 0xfc08, 0x0000, 0xbdf7, 0xfc07, 0xffff, 0x8410, 0xfc03, 0x0000, 0xbdf7, 0xfc08, 0xffff, 0x9cf3, 0xfc08, 0x0000, 0x3186, 0xfc09, 0xffff, 0x2104, 0xfc02, 0x0000, 0x8410, 0xfc07, 0xffff, 0xbdf7, 0xfc0a, 0x0000, 0xfc08, 0xffff, 0x4208, 0xfc04, 0x0000, 0xbdf7, 0xfc0a, 0xffff, 0xbdf7, 0xfc08, 0x0000, 0x8410, 0xfc07, 0xffff, 0xfc05, 0x0000, 0x8410, 0xfc15, 0xffff, 0xdefb, 0x630c, 0xfc0f, 0x0000, 0x630c, 0xfc0b, 0xffff, 0x738e, 0xfc0c, 0x0000, 0x4208, 0xfc08, 0xffff, 0x0000, 
0x0000, 0xfc08, 0xffff, 0x4208, 0xfc08, 0x0000, 0xbdf7, 0xfc07, 0xffff, 0x8410, 0xfc03, 0x0000, 0x2104, 0xfc09, 0xffff, 0x2104, 0xfc07, 0x0000, 0x9cf3, 0xfc08, 0xffff, 0x8c71, 0xfc03, 0x0000, 0x8410, 0xfc07, 0xffff, 0xbdf7, 0xfc0a, 0x0000, 0xfc08, 0xffff, 0x4208, 0xfc04, 0x0000, 0xbdf7, 0xfc0b, 0xffff, 0x4208, 0xfc07, 0x0000, 0x8410, 0xfc07, 0xffff, 0xfc05, 0x0000, 0x8410, 0xfc17, 0xffff, 0xbdf7, 0x1082, 0xfc0d, 0x0000, 0xbdf7, 0xfc0b, 0xffff, 0xdefb, 0xfc0c, 0x0000, 0x4208, 0xfc08, 0xffff, 0x0000, 
0x0000, 0xfc08, 0xffff, 0x4208, 0xfc08, 0x0000, 0xbdf7, 0xfc07, 0xffff, 0x8410, 0xfc04, 0x0000, 0x8410, 0xfc08, 0xffff, 0x9cf3, 0xfc06, 0x0000, 0x2104, 0xfc08, 0xffff, 0xef7d, 0x1082, 0xfc03, 0x0000, 0x8410, 0xfc07, 0xffff, 0xbdf7, 0xfc0a, 0x0000, 0xfc08, 0xffff, 0x4208, 0xfc04, 0x0000, 0xbdf7, 0xfc0b, 0xffff, 0xbdf7, 0xfc07, 0x0000, 0x8410, 0xfc07, 0xffff, 0xfc05, 0x0000, 0x8410, 0xfc18, 0xffff, 0xce79, 0x1082, 0xfc0b, 0x0000, 0x2104, 0xfc0d, 0xffff, 0x3186, 0xfc0b, 0x0000, 0x4208, 0xfc08, 0xffff, 0x0000, 
0x0000, 0xfc08, 0xffff, 0x4208, 0xfc08, 0x0000, 0xbdf7, 0xfc07, 0xffff, 0x8410, 0xfc04, 0x0000, 0x1082, 0xdefb, 0xfc08, 0xffff, 0x2104, 0xfc05, 0x0000, 0x9cf3, 0xfc08, 0xffff, 0x630c, 0xfc04, 0x0000, 0x8410, 0xfc07, 0xffff, 0xbdf7, 0xfc0a, 0x0000, 0xfc08, 0xffff, 0x4208, 0xfc04, 0x0000, 0xbdf7, 0xfc0c, 0xffff, 0x4208, 0xfc06, 0x0000, 0x8410, 0xfc07, 0xffff, 0xfc05, 0x0000, 0x8410, 0xfc19, 0xffff, 0xce79, 0xfc0b, 0x0000, 0x8c71, 0xfc0d, 0xffff, 0x9cf3, 0xfc0b, 0x0000, 0x4208, 0xfc08, 0xffff, 0x0000, 
0x0000, 0xfc08, 0xffff, 0x4208, 0xfc08, 0x0000, 0xbdf7, 0xfc07, 0xffff, 0x8410, 0xfc05, 0x0000, 0x630c, 0xfc08, 0xffff, 0x9cf3, 0xfc04, 0x0000, 0x2104, 0xfc08, 0xffff, 0xbdf7, 0xfc05, 0x0000, 0x8410, 0xfc07, 0xffff, 0xbdf7, 0xfc0a, 0x0000, 0xfc08, 0xffff, 0x4208, 0xfc04, 0x0000, 0xbdf7, 0xfc0c, 0xffff, 0xbdf7, 0xfc06, 0x0000, 0x8410, 0xfc07, 0xffff, 0xfc05, 0x0000, 0x8410, 0xfc07, 0xffff, 0xce79, 0xfc03, 0x4208, 0x630c, 0x8410, 0x9cf3, 0xdefb, 0xfc0b, 0xffff, 0x8410, 0xfc0a, 0x0000, 0xdefb, 0xfc0d, 0xffff, 0xef7d, 0x1082, 0xfc0a, 0x0000, 0x4208, 0xfc08, 0xffff, 0x0000, 
0x0000, 0xfc08, 0xffff, 0x4208, 0xfc08, 0x0000, 0xbdf7, 0xfc07, 0xffff, 0x8410, 0xfc06, 0x0000, 0xbdf7, 0xfc08, 0xffff, 0x2104, 0xfc03, 0x0000, 0x9cf3, 0xfc08, 0xffff, 0x3186, 0xfc05, 0x0000, 0x8410, 0xfc07, 0xffff, 0xbdf7, 0xfc0a, 0x0000, 0xfc08, 0xffff, 0x4208, 0xfc04, 0x0000, 0xbdf7, 0xfc0d, 0xffff, 0x4208, 0xfc05, 0x0000, 0x8410, 0xfc07, 0xffff, 0xfc05, 0x0000, 0x8410, 0xfc07, 0xffff, 0xbdf7, 0xfc07, 0x0000, 0x528a, 0xce79, 0xfc09, 0xffff, 0xef7d, 0x1082, 0xfc08, 0x0000, 0x528a, 0xfc07, 0xffff, 0xad75, 0xfc07, 0xffff, 0x630c, 0xfc0a, 0x0000, 0x4208, 0xfc08, 0xffff, 0x0000, 
0x0000, 0xfc08, 0xffff, 0x4208, 0xfc08, 0x0000, 0xbdf7, 0xfc07, 0xffff, 0x8410, 0xfc06, 0x0000, 0x3186, 0xfc08, 0xffff, 0x9cf3, 0xfc02, 0x0000, 0x2104, 0xfc08, 0xffff, 0x8c71, 0xfc06, 0x0000, 0x8410, 0xfc07, 0xffff, 0xbdf7, 0xfc0a, 0x0000, 0xfc08, 0xffff, 0x4208, 0xfc04, 0x0000, 0xbdf7, 0xfc0d, 0xffff, 0xbdf7, 0xfc05, 0x0000, 0x8410, 0xfc07, 0xffff, 0xfc05, 0x0000, 0x8410, 0xfc07, 0xffff, 0xbdf7, 0xfc09, 0x0000, 0x9cf3, 0xfc09, 0xffff, 0x738e, 0xfc08, 0x0000, 0x9cf3, 0xfc06, 0xffff, 0xef7d, 0x1082, 0xfc07, 0xffff, 0xce79, 0xfc0a, 0x0000, 0x4208, 0xfc08, 0xffff, 0x0000, 
0x0000, 0xfc08, 0xffff, 0x4208, 0xfc08, 0x0000, 0xbdf7, 0xfc07, 0xffff, 0x8410, 0xfc07, 0x0000, 0x8c71, 0xfc07, 0xffff, 0xef7d, 0x1082, 0x0000, 0x9cf3, 0xfc07, 0xffff, 0xef7d, 0x1082, 0xfc06, 0x0000, 0x8410, 0xfc07, 0xffff, 0xbdf7, 0xfc0a, 0x0000, 0xfc08, 0xffff, 0x4208, 0xfc04, 0x0000, 0xbdf7, 0xfc0e, 0xffff, 0x4208, 0xfc04, 0x0000, 0x8410, 0xfc07, 0xffff, 0xfc05, 0x0000, 0x8410, 0xfc07, 0xffff, 0xbdf7, 0xfc0a, 0x0000, 0xad75, 0xfc08, 0xffff, 0xce79, 0xfc07, 0x0000, 0x1082, 0xfc07, 0xffff, 0x9cf3, 0x0000, 0xad75, 0xfc07, 0xffff, 0x2104, 0xfc09, 0x0000, 0x4208, 0xfc08, 0xffff, 0x0000, 
0x0000, 0xfc08, 0xffff, 0x4208, 0xfc08, 0x0000, 0xbdf7, 0xfc07, 0xffff, 0x8410, 0xfc07, 0x0000, 0x1082, 0xef7d, 0xfc07, 0xffff, 0x8410, 0x2104, 0xfc08, 0xffff, 0x738e, 0xfc07, 0x0000, 0x8410, 0xfc07, 0xffff, 0xbdf7, 0xfc0a, 0x0000, 0xfc08, 0xffff, 0x4208, 0xfc04, 0x0000, 0xbdf7, 0xfc06, 0xffff, 0xdefb, 0xfc07, 0xffff, 0xbdf7, 0xfc04, 0x0000, 0x8410, 0xfc07, 0xffff, 0xfc05, 0x0000, 0x8410, 0xfc07, 0xffff, 0xbdf7, 0xfc0a, 0x0000, 0x1082, 0xef7d, 0xfc08, 0xffff, 0xfc07, 0x0000, 0x630c, 0xfc07, 0xffff, 0x528a, 0x0000, 0x738e, 0xfc07, 0xffff, 0x8c71, 0xfc09, 0x0000, 0x4208, 0xfc08, 0xffff, 0x0000, 
0x0000, 0xfc08, 0xffff, 0x9cf3, 0xfc08, 0x8410, 0xdefb, 0xfc07, 0xffff, 0x8410, 0xfc08, 0x0000, 0x630c, 0xfc07, 0xffff, 0xef7d, 0xad75, 0xfc07, 0xffff, 0xce79, 0xfc08, 0x0000, 0x8410, 0xfc07, 0xffff, 0xbdf7, 0xfc0a, 0x0000, 0xfc08, 0xffff, 0x4208, 0xfc04, 0x0000, 0xbdf7, 0xfc06, 0xffff, 0x8410, 0xdefb, 0xfc07, 0xffff, 0x4208, 0xfc03, 0x0000, 0x8410, 0xfc07, 0xffff, 0xfc05, 0x0000, 0x8410, 0xfc07, 0xffff, 0xbdf7, 0xfc0b, 0x0000, 0x9cf3, 0xfc08, 0xffff, 0x4208, 0xfc06, 0x0000, 0xce79, 0xfc06, 0xffff, 0xef7d, 0xfc02, 0x0000, 0x2104, 0xfc07, 0xffff, 0xef7d, 0xfc09, 0x0000, 0x4208, 0xfc08, 0xffff, 0x0000, 
0x0000, 0xfc19, 0xffff, 0x8410, 0xfc09, 0x0000, 0xbdf7, 0xfc0f, 0xffff, 0x4208, 0xfc08, 0x0000, 0x8410, 0xfc07, 0xffff, 0xbdf7, 0xfc0a, 0x0000, 0xfc08, 0xffff, 0x4208, 0xfc04, 0x0000, 0xbdf7, 0xfc06, 0xffff, 0x8410, 0x630c, 0xfc07, 0xffff, 0xbdf7, 0xfc03, 0x0000, 0x8410, 0xfc07, 0xffff, 0xfc05, 0x0000, 0x8410, 0xfc07, 0xffff, 0xbdf7, 0xfc0b, 0x0000, 0x528a, 0xfc08, 0xffff, 0x528a, 0xfc05, 0x0000, 0x3186, 0xfc07, 0xffff, 0x9cf3, 0xfc03, 0x0000, 0xce79, 0xfc07, 0xffff, 0x630c, 0xfc08, 0x0000, 0x4208, 0xfc08, 0xffff, 0x0000, 
0x0000, 0xfc19, 0xffff, 0x8410, 0xfc09, 0x0000, 0x3186, 0xfc0e, 0xffff, 0x9cf3, 0xfc09, 0x0000, 0x8410, 0xfc07, 0xffff, 0xbdf7, 0xfc0a, 0x0000, 0xfc08, 0xffff, 0x4208, 0xfc04, 0x0000, 0xbdf7, 0xfc06, 0xffff, 0x8410, 0x0000, 0xdefb, 0xfc07, 0xffff, 0x4208, 0xfc02, 0x0000, 0x8410, 0xfc07, 0xffff, 0xfc05, 0x0000, 0x8410, 0xfc07, 0xffff, 0xbdf7, 0xfc0b, 0x0000, 0x2104, 0xfc08, 0xffff, 0x8410, 0xfc05, 0x0000, 0x8c71, 0xfc07, 0xffff, 0x528a, 0xfc03, 0x0000, 0x8410, 0xfc07, 0xffff, 0xad75, 0xfc08, 0x0000, 0x4208, 0xfc08, 0xffff, 0x0000, 
0x0000, 0xfc19, 0xef5d, 0x73ae, 0xfc0a, 0x0000, 0x8410, 0xfc0c, 0xef5d, 0xdedb, 0x0861, 0xfc09, 0x0000, 0x73ae, 0xfc07, 0xef5d, 0xad75, 0xfc0a, 0x0000, 0xfc08, 0xef5d, 0x39c7, 0xfc04, 0x0000, 0xad75, 0xfc06, 0xef5d, 0x73ae, 0x0000, 0x4a49, 0xfc07, 0xef5d, 0xad75, 0xfc02, 0x0000, 0x73ae, 0xfc07, 0xef5d, 0xfc05, 0x0000, 0x73ae, 0xfc07, 0xef5d, 0xad75, 0xfc0c, 0x0000, 0xfc08, 0xef5d, 0x73ae, 0xfc05, 0x0000, 0xdedb, 0xfc06, 0xef5d, 0xdedb, 0xfc04, 0x0000, 0x2965, 0xfc08, 0xef5d, 0x18e3, 0xfc07, 0x0000, 0x39c7, 0xfc08, 0xef5d, 0x0000, 
0x0000, 0xfc19, 0xce59, 0x632c, 0xfc0a, 0x0000, 0x0861, 0xbdf7, 0xfc0b, 0xce59, 0x5acb, 0xfc0a, 0x0000, 0x632c, 0xfc07, 0xce59, 0x9cd3, 0xfc0a, 0x0000, 0xfc08, 0xce59, 0x3186, 0xfc04, 0x0000, 0x9cd3, 0xfc06, 0xce59, 0x632c, 0xfc02, 0x0000, 0x9cd3, 0xfc07, 0xce59, 0x3186, 0x0000, 0x632c, 0xfc07, 0xce59, 0xfc05, 0x0000, 0x632c, 0xfc07, 0xce59, 0x9cd3, 0xfc0c, 0x0000, 0xfc08, 0xce59, 0x632c, 0xfc04, 0x0000, 0x4208, 0xfc07, 0xce59, 0x7bef, 0xfc05, 0x0000, 0xb596, 0xfc07, 0xce59, 0x632c, 0xfc07, 0x0000, 0x3186, 0xfc08, 0xce59, 0x0000, 
0x0000, 0xfc19, 0xce79, 0x632c, 0xfc0b, 0x0000, 0x4a69, 0xfc0a, 0xce79, 0xb5b6, 0xfc0b, 0x0000, 0x632c, 0xfc07, 0xce79, 0x9cd3, 0xfc0a, 0x0000, 0xfc08, 0xce79, 0x3186, 0xfc04, 0x0000, 0x9cd3, 0xfc06, 0xce79, 0x632c, 0xfc02, 0x0000, 0x3186, 0xfc07, 0xce79, 0x9cd3, 0x0000, 0x632c, 0xfc07, 0xce79, 0xfc05, 0x0000, 0x632c, 0xfc07, 0xce79, 0x9cd3, 0xfc0c, 0x0000, 0xfc08, 0xce79, 0x632c, 0xfc04, 0x0000, 0x8c71, 0xfc07, 0xce79, 0x4208, 0xfc05, 0x0000, 0x73ae, 0xfc07, 0xce79, 0xb5b6, 0xfc07, 0x0000, 0x3186, 0xfc08, 0xce79, 0x0000, 
0x0000, 0xfc08, 0xd69a, 0x8410, 0xfc08, 0x6b4d, 0xb5b6, 0xfc07, 0xd69a, 0x6b4d, 0xfc0c, 0x0000, 0x9cf3, 0xfc09, 0xd69a, 0x31a6, 0xfc0b, 0x0000, 0x6b4d, 0xfc07, 0xd69a, 0x9cf3, 0xfc0a, 0x0000, 0xfc08, 0xd69a, 0x31a6, 0xfc04, 0x0000, 0x9cf3, 0xfc06, 0xd69a, 0x6b4d, 0xfc03, 0x0000, 0x9cf3, 0xfc07, 0xd69a, 0x31a6, 0x6b4d, 0xfc07, 0xd69a, 0xfc05, 0x0000, 0x6b4d, 0xfc07, 0xd69a, 0x9cf3, 0xfc0b, 0x0000, 0x31a6, 0xfc08, 0xd69a, 0x4208, 0xfc03, 0x0000, 0x18c3, 0xfc07, 0xd69a, 0xc618, 0xfc06, 0x0000, 0x4208, 0xfc08, 0xd69a, 0x31a6, 0xfc06, 0x0000, 0x31a6, 0xfc08, 0xd69a, 0x0000, 
0x0000, 0xfc08, 0xd6ba, 0x31a6, 0xfc08, 0x0000, 0x9cf3, 0xfc07, 0xd6ba, 0x6b4d, 0xfc0c, 0x0000, 0x31a6, 0xfc08, 0xd6ba, 0x9492, 0xfc0c, 0x0000, 0x6b4d, 0xfc07, 0xd6ba, 0xc638, 0xfc09, 0x0000, 0x18c3, 0xfc08, 0xd6ba, 0x31a6, 0xfc04, 0x0000, 0x9cf3, 0xfc06, 0xd6ba, 0x6b4d, 0xfc03, 0x0000, 0x31a6, 0xfc07, 0xd6ba, 0x9cf3, 0x6b4d, 0xfc07, 0xd6ba, 0xfc05, 0x0000, 0x6b4d, 0xfc07, 0xd6ba, 0x9cf3, 0xfc0b, 0x0000, 0x5aeb, 0xfc08, 0xd6ba, 0x31a6, 0xfc03, 0x0000, 0x5aeb, 0xfc17, 0xd6ba, 0x8430, 0xfc06, 0x0000, 0x31a6, 0xfc08, 0xd6ba, 0x0000, 
0x0000, 0xfc08, 0xdedb, 0x31a6, 0xfc08, 0x0000, 0xa514, 0xfc07, 0xdedb, 0x6b6d, 0xfc0d, 0x0000, 0xfc08, 0xdedb, 0x6b6d, 0xfc0c, 0x0000, 0x528a, 0xfc08, 0xdedb, 0xfc09, 0x0000, 0x31a6, 0xfc08, 0xdedb, 0xfc05, 0x0000, 0xa514, 0xfc06, 0xdedb, 0x6b6d, 0xfc04, 0x0000, 0xa514, 0xfc07, 0xdedb, 0xa514, 0xfc07, 0xdedb, 0xfc05, 0x0000, 0x6b6d, 0xfc07, 0xdedb, 0xa514, 0xfc0b, 0x0000, 0xad75, 0xfc08, 0xdedb, 0xfc04, 0x0000, 0xbdf7, 0xfc18, 0xdedb, 0x0861, 0xfc05, 0x0000, 0x31a6, 0xfc08, 0xdedb, 0x0000, 
0x0000, 0xfc08, 0xdefb, 0x31a6, 0xfc08, 0x0000, 0xa534, 0xfc07, 0xdefb, 0x6b6d, 0xfc0d, 0x0000, 0xfc08, 0xdefb, 0x6b6d, 0xfc0c, 0x0000, 0x31a6, 0xfc08, 0xdefb, 0x2945, 0xfc08, 0x0000, 0x528a, 0xfc08, 0xdefb, 0xfc05, 0x0000, 0xa534, 0xfc06, 0xdefb, 0x6b6d, 0xfc04, 0x0000, 0x31a6, 0xfc0f, 0xdefb, 0xfc05, 0x0000, 0x6b6d, 0xfc07, 0xdefb, 0xa534, 0xfc0a, 0x0000, 0x4228, 0xfc08, 0xdefb, 0xb596, 0xfc03, 0x0000, 0x2945, 0xfc19, 0xdefb, 0x630c, 0xfc05, 0x0000, 0x31a6, 0xfc08, 0xdefb, 0x0000, 
0x0000, 0xfc08, 0xe71c, 0x39c7, 0xfc08, 0x0000, 0xad55, 0xfc07, 0xe71c, 0x738e, 0xfc0d, 0x0000, 0xfc08, 0xe71c, 0x738e, 0xfc0c, 0x0000, 0x39c7, 0xfc08, 0xe71c, 0x630c, 0xfc08, 0x0000, 0x9cd3, 0xfc07, 0xe71c, 0xd69a, 0xfc05, 0x0000, 0xad55, 0xfc06, 0xe71c, 0x738e, 0xfc05, 0x0000, 0xad55, 0xfc0e, 0xe71c, 0xfc05, 0x0000, 0x738e, 0xfc07, 0xe71c, 0xad55, 0xfc09, 0x0000, 0x2945, 0xd69a, 0xfc08, 0xe71c, 0x630c, 0xfc03, 0x0000, 0x8c71, 0xfc19, 0xe71c, 0xb5b6, 0xfc05, 0x0000, 0x39c7, 0xfc08, 0xe71c, 0x0000, 
0x0000, 0xfc08, 0xe73c, 0x39c7, 0xfc08, 0x0000, 0xad55, 0xfc07, 0xe73c, 0x738e, 0xfc0d, 0x0000, 0xfc08, 0xe73c, 0x738e, 0xfc0d, 0x0000, 0xfc08, 0xe73c, 0xc638, 0x0861, 0xfc06, 0x0000, 0x2945, 0xfc08, 0xe73c, 0x9cf3, 0xfc05, 0x0000, 0xad55, 0xfc06, 0xe73c, 0xad55, 0xfc05, 0x0000, 0x39c7, 0xfc0e, 0xe73c, 0xfc05, 0x0000, 0x738e, 0xfc07, 0xe73c, 0xad55, 0xfc08, 0x0000, 0x4a49, 0xd6ba, 0xfc08, 0xe73c, 0xd6ba, 0x0861, 0xfc03, 0x0000, 0xd6ba, 0xfc1a, 0xe73c, 0x2945, 0xfc04, 0x0000, 0x39c7, 0xfc08, 0xe73c, 0x0000, 
0x0000, 0xfc08, 0xef5d, 0x39c7, 0xfc08, 0x0000, 0xad75, 0xfc07, 0xef5d, 0x73ae, 0xfc0d, 0x0000, 0xfc08, 0xef5d, 0x73ae, 0xfc0d, 0x0000, 0x9cf3, 0xfc08, 0xef5d, 0xbdf7, 0x0861, 0xfc04, 0x0000, 0x2965, 0xce59, 0xfc08, 0xef5d, 0x632c, 0xfc05, 0x0000, 0xad75, 0xfc06, 0xef5d, 0xad75, 0xfc06, 0x0000, 0x9492, 0xfc0d, 0xef5d, 0xfc05, 0x0000, 0x73ae, 0xfc07, 0xef5d, 0xad75, 0xfc05, 0x0000, 0x18e3, 0x5acb, 0xad75, 0xfc0a, 0xef5d, 0x73ae, 0xfc03, 0x0000, 0x5acb, 0xfc1b, 0xef5d, 0x9492, 0xfc04, 0x0000, 0x39c7, 0xfc08, 0xef5d, 0x0000, 
0x0000, 0xfc08, 0xef7d, 0x39c7, 0xfc08, 0x0000, 0xb596, 0xfc07, 0xef7d, 0x73ae, 0xfc0d, 0x0000, 0xfc08, 0xef7d, 0x73ae, 0xfc0d, 0x0000, 0x5acb, 0xfc09, 0xef7d, 0xdefb, 0x8430, 0xfc02, 0x73ae, 0x9492, 0xfc09, 0xef7d, 0xdefb, 0x0861, 0xfc05, 0x0000, 0xb596, 0xfc06, 0xef7d, 0xb596, 0xfc06, 0x0000, 0x18e3, 0xfc0d, 0xef7d, 0xfc05, 0x0000, 0x73ae, 0xfc07, 0xef7d, 0xdefb, 0xfc03, 0xb596, 0xdefb, 0xfc0d, 0xef7d, 0xc618, 0xfc04, 0x0000, 0xb596, 0xfc07, 0xef7d, 0x9492, 0xfc0b, 0x0000, 0xce79, 0xfc07, 0xef7d, 0xdefb, 0x0861, 0xfc03, 0x0000, 0x39c7, 0xfc08, 0xef7d, 0x0000, 
0x0000, 0xfc08, 0xf79e, 0x39e7, 0xfc08, 0x0000, 0xb5b6, 0xfc07, 0xf79e, 0x7bcf, 0xfc0d, 0x0000, 0xfc08, 0xf79e, 0x7bcf, 0xfc0e, 0x0000, 0xc618, 0xfc16, 0xf79e, 0x7bcf, 0xfc06, 0x0000, 0xb5b6, 0xfc06, 0xf79e, 0xb5b6, 0xfc07, 0x0000, 0x94b2, 0xfc0c, 0xf79e, 0xfc05, 0x0000, 0x7bcf, 0xfc18, 0xf79e, 0xe71c, 0x18e3, 0xfc03, 0x0000, 0x18e3, 0xfc08, 0xf79e, 0x4a49, 0xfc0b, 0x0000, 0x8430, 0xfc08, 0xf79e, 0x5acb, 0xfc03, 0x0000, 0x39e7, 0xfc08, 0xf79e, 0x0000, 
0x0000, 0xfc08, 0xf7be, 0x39e7, 0xfc08, 0x0000, 0xb5b6, 0xfc07, 0xf7be, 0x7bcf, 0xfc0d, 0x0000, 0xfc08, 0xf7be, 0x7bcf, 0xfc0e, 0x0000, 0x2965, 0xe73c, 0xfc14, 0xf7be, 0xc638, 0xfc07, 0x0000, 0xb5b6, 0xfc06, 0xf7be, 0xb5b6, 0xfc07, 0x0000, 0x18e3, 0xfc0c, 0xf7be, 0xfc05, 0x0000, 0x7bcf, 0xfc17, 0xf7be, 0xc638, 0x18e3, 0xfc04, 0x0000, 0x7bcf, 0xfc07, 0xf7be, 0xe73c, 0xfc0c, 0x0000, 0x18e3, 0xfc08, 0xf7be, 0xb5b6, 0xfc03, 0x0000, 0x39e7, 0xfc08, 0xf7be, 0x0000, 
0x0000, 0xfc08, 0xf7be, 0x39e7, 0xfc08, 0x0000, 0xbdd7, 0xfc07, 0xf7be, 0x7bef, 0xfc0d, 0x0000, 0xfc08, 0xf7be, 0x7bef, 0xfc0f, 0x0000, 0x2965, 0xef5d, 0xfc12, 0xf7be, 0xce59, 0x0861, 0xfc07, 0x0000, 0xbdd7, 0xfc06, 0xf7be, 0xbdd7, 0xfc08, 0x0000, 0x9cd3, 0xfc0b, 0xf7be, 0xfc05, 0x0000, 0x7bef, 0xfc16, 0xf7be, 0x8c51, 0x0861, 0xfc05, 0x0000, 0xdedb, 0xfc07, 0xf7be, 0x8c51, 0xfc0d, 0x0000, 0xce59, 0xfc08, 0xf7be, 0x18e3, 0xfc02, 0x0000, 0x39e7, 0xfc08, 0xf7be, 0x0000, 
0x0000, 0xfc08, 0xffdf, 0x39e7, 0xfc08, 0x0000, 0xbdd7, 0xfc07, 0xffdf, 0x7bef, 0xfc0d, 0x0000, 0xfc08, 0xffdf, 0x7bef, 0xfc10, 0x0000, 0x2965, 0xce59, 0xfc10, 0xffdf, 0xad55, 0x1082, 0xfc08, 0x0000, 0xbdd7, 0xfc06, 0xffdf, 0xbdd7, 0xfc08, 0x0000, 0x18e3, 0xfc0b, 0xffdf, 0xfc05, 0x0000, 0x7bef, 0xfc13, 0xffdf, 0xef5d, 0x9cf3, 0x18e3, 0xfc06, 0x0000, 0x39e7, 0xfc08, 0xffdf, 0x2965, 0xfc0d, 0x0000, 0x6b6d, 0xfc08, 0xffdf, 0x8c71, 0xfc02, 0x0000, 0x39e7, 0xfc08, 0xffdf, 0x0000, 
0x0000, 0xfc08, 0xffff, 0x39e7, 0xfc08, 0x0000, 0xbdf7, 0xfc07, 0xffff, 0x7bef, 0xfc0d, 0x0000, 0xfc08, 0xffff, 0x7bef, 0xfc12, 0x0000, 0x5aeb, 0xce79, 0xfc0c, 0xffff, 0xad75, 0x39e7, 0xfc0a, 0x0000, 0xbdf7, 0xfc06, 0xffff, 0xbdf7, 0xfc09, 0x0000, 0x9cf3, 0xfc0a, 0xffff, 0xfc05, 0x0000, 0x7bef, 0xfc0f, 0xffff, 0xef7d, 0xbdf7, 0x8c71, 0x4a69, 0xfc09, 0x0000, 0x9cf3, 0xfc07, 0xffff, 0xce79, 0xfc0e, 0x0000, 0x2104, 0xfc08, 0xffff, 0xdefb, 0xfc02, 0x0000, 0x39e7, 0xfc08, 0xffff, 0x0000, 
0x0000, 0xfc08, 0x4208, 0x1082, 0xfc08, 0x0000, 0x3186, 0xfc07, 0x4208, 0x2104, 0xfc0d, 0x0000, 0xfc08, 0x4208, 0x2104, 0xfc14, 0x0000, 0x2104, 0x630c, 0x8c71, 0xfc06, 0xbdf7, 0x8410, 0x528a, 0x1082, 0xfc0c, 0x0000, 0x3186, 0xfc06, 0x4208, 0x3186, 0xfc09, 0x0000, 0x1082, 0xfc0a, 0x4208, 0xfc05, 0x0000, 0x2104, 0xfc0d, 0x4208, 0x3186, 0xfc0e, 0x0000, 0x3186, 0xfc07, 0x4208, 0x2104, 0xfc0f, 0x0000, 0xfc09, 0x4208, 0xfc02, 0x0000, 0x1082, 0xfc08, 0x4208, 0x0000, 

};



const unsigned short Forklift_Icon[] = {
0x0000, 0x0d7f, 
0xfca8, 0x0000, 0x0020, 
0xfca8, 0x0000, 0x0020, 
0xfca8, 0x0000, 0x0020, 
0xfca8, 0x0000, 0x0020, 
0xfca8, 0x0000, 0x0020, 
0xfca8, 0x0000, 0x0020, 
0xfca8, 0x0000, 0x0020, 
0xfc8c, 0x0000, 0x4208, 0x73ae, 0xa514, 0xce59, 0x31a6, 0xfc17, 0x0000, 0x0020, 
0xfc86, 0x0000, 0x39e7, 0x738e, 0x9cf3, 0xc638, 0xdefb, 0xfc02, 0xdedb, 0xde9a, 0xc6db, 0xaf1c, 0x4208, 0xfc17, 0x0000, 0x0020, 
0xfc80, 0x0000, 0x39c7, 0x6b6d, 0x9cf3, 0xc618, 0xdefb, 0xdedb, 0xfc05, 0xdefb, 0xdeba, 0xdedb, 0x4fbd, 0x4f1b, 0x0820, 0xfc18, 0x0000, 0x0020, 
0xfc47, 0x0000, 0x39c7, 0x738e, 0x9cf3, 0xc618, 0xdefb, 0xdedb, 0x738e, 0xfc2c, 0x0000, 0x31a6, 0x6b4d, 0x9cd3, 0xc618, 0xdefb, 0xdedb, 0xfc05, 0xdefb, 0xfc04, 0xdedb, 0xdefb, 0xdeba, 0x9eda, 0x27ff, 0x74b2, 0xfc1a, 0x0000, 0x0020, 
0xfc44, 0x0000, 0x73ae, 0xdefb, 0xdedb, 0xfc06, 0xdefb, 0xbdd7, 0xfc26, 0x0000, 0x3186, 0x632c, 0x94b2, 0xbdf7, 0xdefb, 0xdedb, 0xfc05, 0xdefb, 0xfc04, 0xdedb, 0xfc05, 0xdefb, 0xfc02, 0xdedb, 0x8638, 0x75d6, 0x1861, 0xfc1b, 0x0000, 0x0020, 
0xfc43, 0x0000, 0x52aa, 0xdedb, 0xdefb, 0xfc06, 0xdedb, 0xdefb, 0xb5b6, 0xfc20, 0x0000, 0x2945, 0x632c, 0x94b2, 0xbdd7, 0xfc02, 0xdedb, 0xfc05, 0xdefb, 0xfc04, 0xdedb, 0xfc05, 0xdefb, 0xdedb, 0xdefb, 0xbdf7, 0x94b2, 0x632c, 0x3186, 0xfc20, 0x0000, 0x0020, 
0xfc43, 0x0000, 0xb596, 0xdefb, 0xfc07, 0xdedb, 0xdefb, 0xb5b6, 0xfc1c, 0x0000, 0x2945, 0xad55, 0xfc03, 0xdedb, 0xfc04, 0xdefb, 0xfc04, 0xdedb, 0xfc05, 0xdefb, 0xdedb, 0xdefb, 0xc618, 0x9cd3, 0x6b4d, 0x31a6, 0xfc26, 0x0000, 0x0020, 
0xfc43, 0x0000, 0xb5b6, 0xdefb, 0xfc07, 0xdedb, 0xdefb, 0xb5b6, 0xfc1b, 0x0000, 0xb5b6, 0xdedb, 0xfc02, 0xdefb, 0xfc05, 0xdedb, 0xfc04, 0xdefb, 0xdedb, 0xdefb, 0xc618, 0x9cf3, 0x6b6d, 0x39c7, 0xfc2c, 0x0000, 0x0020, 
0xfc43, 0x0000, 0xb5b6, 0xdefb, 0xfc07, 0xdedb, 0xdefb, 0xb5b6, 0xfc1a, 0x0000, 0xd6ba, 0xdefb, 0xfc04, 0xdedb, 0xfc02, 0xdefb, 0xdedb, 0xdefb, 0xc638, 0x9cf3, 0x738e, 0x39e7, 0xfc32, 0x0000, 0x0020, 
0xfc43, 0x0000, 0xb5b6, 0xdefb, 0xfc07, 0xdedb, 0xdefb, 0xb5b6, 0xfc19, 0x0000, 0xfc02, 0xdefb, 0xfc04, 0xdedb, 0xdefb, 0xd6ba, 0x52aa, 0xfc38, 0x0000, 0x0020, 
0xfc43, 0x0000, 0xb5b6, 0xdefb, 0xfc07, 0xdedb, 0xdefb, 0xb5b6, 0xfc18, 0x0000, 0xd6ba, 0xfc05, 0xdedb, 0xdefb, 0xd69a, 0xfc3a, 0x0000, 0x0020, 
0xfc43, 0x0000, 0xb5b6, 0xdefb, 0xfc07, 0xdedb, 0xdefb, 0xb5b6, 0xfc17, 0x0000, 0xfc03, 0xd6ba, 0xfc05, 0xdedb, 0x18c3, 0xfc3a, 0x0000, 0x0020, 
0xfc43, 0x0000, 0xb5b6, 0xdefb, 0xfc07, 0xdedb, 0xdefb, 0xb5b6, 0xfc17, 0x0000, 0xfc01, 0xffff, 0xce79, 0xfc04, 0xdedb, 0xdefb, 0xdedb, 0xfc3b, 0x0000, 0x0020, 
0xfc43, 0x0000, 0xb5b6, 0xdefb, 0xfc07, 0xdedb, 0xdefb, 0xb5b6, 0xfc16, 0x0000, 0x738e, 0xfc01, 0xffff, 0xce79, 0xfc04, 0xdedb, 0xdefb, 0xa514, 0xfc3b, 0x0000, 0x0020, 
0xfc43, 0x0000, 0xb5b6, 0xdefb, 0xfc07, 0xdedb, 0xdefb, 0xb5b6, 0xfc16, 0x0000, 0xd6ba, 0xdedb, 0xd69a, 0xfc04, 0xdedb, 0xdefb, 0x5acb, 0xfc3b, 0x0000, 0x0020, 
0xfc43, 0x0000, 0xb5b6, 0xdefb, 0xfc07, 0xdedb, 0xdefb, 0xb5b6, 0xfc16, 0x0000, 0xfc01, 0xffff, 0xdedb, 0xd6ba, 0xfc05, 0xdedb, 0xfc3c, 0x0000, 0x0020, 
0xfc43, 0x0000, 0xb5b6, 0xdefb, 0xfc07, 0xdedb, 0xdefb, 0xb5b6, 0xfc15, 0x0000, 0x5aeb, 0xfc01, 0xffff, 0xce59, 0xfc04, 0xdedb, 0xdefb, 0xd69a, 0xfc3c, 0x0000, 0x0020, 
0xfc43, 0x0000, 0xb5b6, 0xdefb, 0xfc07, 0xdedb, 0xdefb, 0xb5b6, 0xfc15, 0x0000, 0xd6ba, 0xef7d, 0xce79, 0xfc04, 0xdedb, 0xdefb, 0x94b2, 0xfc3c, 0x0000, 0x0020, 
0xfc43, 0x0000, 0xb5b6, 0xdefb, 0xfc07, 0xdedb, 0xdefb, 0xb5b6, 0xfc15, 0x0000, 0xfc01, 0xffff, 0xfc02, 0xd6ba, 0xfc04, 0xdedb, 0xdefb, 0x4228, 0xfc3c, 0x0000, 0x0020, 
0xfc43, 0x0000, 0xb5b6, 0xdefb, 0xfc07, 0xdedb, 0xdefb, 0xb5b6, 0xfc14, 0x0000, 0x4a69, 0xfc01, 0xffff, 0xdefb, 0xfc06, 0xdedb, 0xfc3d, 0x0000, 0x0020, 
0xfc43, 0x0000, 0xb5b6, 0xdefb, 0xfc07, 0xdedb, 0xdefb, 0xa514, 0xfc14, 0x0000, 0xdedb, 0xfc01, 0xffff, 0xce59, 0xfc04, 0xdedb, 0xdefb, 0xc638, 0xfc3d, 0x0000, 0x0020, 
0xfc43, 0x0000, 0xb5b6, 0xdefb, 0xfc08, 0xdedb, 0x8410, 0xfc14, 0x0000, 0xfc01, 0xffff, 0xe71c, 0xce79, 0xfc04, 0xdedb, 0xdefb, 0x8430, 0xfc3d, 0x0000, 0x0020, 
0xfc43, 0x0000, 0xb5b6, 0xdefb, 0xfc05, 0xdedb, 0xdefb, 0xdedb, 0x9cf3, 0xfc14, 0x0000, 0x39e7, 0xfc01, 0xffff, 0xfc02, 0xd6ba, 0xfc05, 0xdedb, 0x31a6, 0xfc3d, 0x0000, 0x0020, 
0xfc43, 0x0000, 0xb5b6, 0xdefb, 0xfc04, 0xdedb, 0xdefb, 0xdedb, 0x10a2, 0x8c51, 0x8410, 0xfc13, 0x0000, 0xdefb, 0xfc01, 0xffff, 0xfc06, 0xdedb, 0xdefb, 0xfc3e, 0x0000, 0x0020, 
0xfc43, 0x0000, 0xb5b6, 0xdefb, 0xfc04, 0xdedb, 0x8c51, 0x10a2, 0xd6ba, 0xdedb, 0x6b6d, 0xfc13, 0x0000, 0xf7be, 0xfc01, 0xffff, 0xce59, 0xfc04, 0xdedb, 0xdefb, 0xbdd7, 0xfc3e, 0x0000, 0x0020, 
0xfc43, 0x0000, 0xb5b6, 0xdefb, 0xfc02, 0xdedb, 0xdefb, 0x8c71, 0x5aeb, 0xdedb, 0xfc02, 0xdefb, 0x6b6d, 0xfc12, 0x0000, 0x3186, 0xfc01, 0xffff, 0xdedb, 0xd69a, 0xfc04, 0xdedb, 0xdefb, 0x7bcf, 0xfc1c, 0x0000, 0x2945, 0x4a69, 0x4a49, 0x4208, 0xfc1e, 0x0000, 0x0020, 
0xfc43, 0x0000, 0xb5b6, 0xdefb, 0xfc02, 0xdedb, 0xdefb, 0x1082, 0xfc03, 0xdedb, 0xdefb, 0x6b6d, 0xfc12, 0x0000, 0xdefb, 0xfc01, 0xffff, 0xfc02, 0xd6ba, 0xfc05, 0xdedb, 0x18e3, 0xfc1b, 0x0000, 0x31a6, 0xdedb, 0xfc02, 0xdefb, 0xdedb, 0x738e, 0xfc1d, 0x0000, 0x0020, 
0xfc43, 0x0000, 0xb5b6, 0xdefb, 0xfc02, 0xdedb, 0xdefb, 0x4a49, 0xdefb, 0xfc02, 0xdedb, 0xdefb, 0x6b6d, 0xfc12, 0x0000, 0xf79e, 0xfc01, 0xffff, 0xd69a, 0xfc04, 0xdedb, 0xfc02, 0xdefb, 0xfc1c, 0x0000, 0xfc02, 0xdefb, 0xfc02, 0xdedb, 0xdefb, 0xb5b6, 0xfc1d, 0x0000, 0x0020, 
0xfc43, 0x0000, 0xb5b6, 0xdefb, 0xfc02, 0xdedb, 0xdefb, 0x4a49, 0xdefb, 0xfc02, 0xdedb, 0xdefb, 0x6b6d, 0xfc11, 0x0000, 0x18e3, 0xfc01, 0xffff, 0xf79e, 0xce59, 0xfc04, 0xdedb, 0xdefb, 0xad75, 0xfc1b, 0x0000, 0xad75, 0xdefb, 0xfc03, 0xdedb, 0xfc02, 0xdefb, 0xfc1d, 0x0000, 0x0020, 
0xfc43, 0x0000, 0xb5b6, 0xdefb, 0xfc02, 0xdedb, 0xdefb, 0x4a49, 0xdefb, 0xfc02, 0xdedb, 0xdefb, 0x6b6d, 0xfc11, 0x0000, 0xdedb, 0xfc01, 0xffff, 0xdedb, 0xd69a, 0xfc04, 0xdedb, 0xdefb, 0x6b4d, 0xfc1a, 0x0000, 0x4208, 0xfc07, 0xdedb, 0x0020, 0xfc1c, 0x0000, 0x0020, 
0xfc43, 0x0000, 0xb5b6, 0xdefb, 0xfc02, 0xdedb, 0xdefb, 0x4a49, 0xdefb, 0xfc02, 0xdedb, 0xdefb, 0x6b6d, 0xfc11, 0x0000, 0xef5d, 0xfc01, 0xffff, 0xfc02, 0xd6ba, 0xfc05, 0xdedb, 0x0841, 0xfc1a, 0x0000, 0xfc02, 0xdefb, 0xfc05, 0xdedb, 0xdefb, 0x528a, 0xfc1c, 0x0000, 0x0020, 
0xfc43, 0x0000, 0xb5b6, 0xdefb, 0xfc02, 0xdedb, 0xdefb, 0x4a49, 0xdefb, 0xfc02, 0xdedb, 0xdefb, 0x6b6d, 0xfc10, 0x0000, 0x1082, 0xfc02, 0xffff, 0xce79, 0xfc04, 0xdedb, 0xdefb, 0xdedb, 0xfc1a, 0x0000, 0xb5b6, 0xdefb, 0xfc06, 0xdedb, 0xdefb, 0x632c, 0xfc1c, 0x0000, 0x0020, 
0xfc43, 0x0000, 0xb5b6, 0xdefb, 0xfc02, 0xdedb, 0xdefb, 0x4a49, 0xdefb, 0xfc02, 0xdedb, 0xdefb, 0x6b6d, 0xfc10, 0x0000, 0xd69a, 0xfc01, 0xffff, 0xef5d, 0xce79, 0xfc04, 0xdedb, 0xdefb, 0xa514, 0xfc19, 0x0000, 0x528a, 0xfc08, 0xdedb, 0xdefb, 0xfc1d, 0x0000, 0x0020, 
0xfc43, 0x0000, 0xb5b6, 0xdefb, 0xfc02, 0xdedb, 0xdefb, 0x4a49, 0xdefb, 0xfc02, 0xdedb, 0xdefb, 0x6b6d, 0xfc10, 0x0000, 0xe73c, 0xfc01, 0xffff, 0xd6ba, 0xd69a, 0xfc04, 0xdedb, 0xdefb, 0x52aa, 0xfc19, 0x0000, 0xfc02, 0xdefb, 0xfc06, 0xdedb, 0xdefb, 0xa514, 0xfc1d, 0x0000, 0x0020, 
0xfc43, 0x0000, 0xb5b6, 0xdefb, 0xfc02, 0xdedb, 0xdefb, 0x4a49, 0xdefb, 0xfc02, 0xdedb, 0xdefb, 0x6b6d, 0xfc10, 0x0000, 0xfc02, 0xffff, 0xdedb, 0xd6ba, 0xfc05, 0xdedb, 0xfc19, 0x0000, 0xb596, 0xdefb, 0xfc08, 0xdedb, 0x2124, 0xfc1d, 0x0000, 0x0020, 
0xfc43, 0x0000, 0xb5b6, 0xdefb, 0xfc02, 0xdedb, 0xdefb, 0x4a49, 0xdefb, 0xfc02, 0xdedb, 0xdefb, 0x6b6d, 0xfc0f, 0x0000, 0xce79, 0xfc02, 0xffff, 0xce59, 0xfc04, 0xdedb, 0xdefb, 0xce79, 0xfc19, 0x0000, 0xd6ba, 0xdefb, 0xfc06, 0xdedb, 0xdefb, 0xd69a, 0xfc1e, 0x0000, 0x0020, 
0xfc43, 0x0000, 0xb5b6, 0xdefb, 0xfc02, 0xdedb, 0xdefb, 0x4a49, 0xdefb, 0xfc02, 0xdedb, 0xdefb, 0x6b6d, 0xfc0f, 0x0000, 0xe71c, 0xfc01, 0xffff, 0xe71c, 0xce79, 0xfc04, 0xdedb, 0xdefb, 0x94b2, 0x0000, 0x10a2, 0xb5b6, 0x0861, 0xfc15, 0x0000, 0xa514, 0xdefb, 0xfc06, 0xdedb, 0xdefb, 0x738e, 0xfc1e, 0x0000, 0x0020, 
0xfc43, 0x0000, 0xb5b6, 0xdefb, 0xfc02, 0xdedb, 0xdefb, 0x4a49, 0xdefb, 0xfc02, 0xdedb, 0xdefb, 0x6b6d, 0xfc0f, 0x0000, 0xfc02, 0xffff, 0xfc02, 0xd6ba, 0xfc04, 0xdedb, 0xdefb, 0x4228, 0xfc02, 0x0000, 0xd6ba, 0x9492, 0xfc15, 0x0000, 0x5aeb, 0xdefb, 0xfc07, 0xdedb, 0xfc1f, 0x0000, 0x0020, 
0xfc43, 0x0000, 0xb5b6, 0xdefb, 0xfc02, 0xdedb, 0xdefb, 0x4a49, 0xdefb, 0xfc02, 0xdedb, 0xdefb, 0x6b6d, 0xfc0e, 0x0000, 0xc638, 0xfc02, 0xffff, 0xdefb, 0xfc06, 0xdedb, 0xfc03, 0x0000, 0xbdd7, 0xd6ba, 0xfc15, 0x0000, 0x0841, 0xfc06, 0xdedb, 0xdefb, 0xa534, 0xfc1f, 0x0000, 0x0020, 
0xfc43, 0x0000, 0xb5b6, 0xdefb, 0xfc02, 0xdedb, 0xdefb, 0x4a49, 0xdefb, 0xfc02, 0xdedb, 0xdefb, 0x6b6d, 0xfc0e, 0x0000, 0xdefb, 0xfc02, 0xffff, 0xce59, 0xfc04, 0xdedb, 0xdefb, 0xc638, 0xfc03, 0x0000, 0x6b6d, 0xd6ba, 0xfc16, 0x0000, 0xfc06, 0xdedb, 0xdefb, 0x7bcf, 0xfc1f, 0x0000, 0x0020, 
0xfc43, 0x0000, 0xb5b6, 0xdefb, 0xfc02, 0xdedb, 0xdefb, 0x4a49, 0xdefb, 0xfc02, 0xdedb, 0xdefb, 0x6b6d, 0xfc0e, 0x0000, 0xfc02, 0xffff, 0xdefb, 0xce79, 0xfc04, 0xdedb, 0xdefb, 0x8430, 0xfc04, 0x0000, 0xd6ba, 0x630c, 0xfc15, 0x0000, 0xfc08, 0xdedb, 0xfc1f, 0x0000, 0x0020, 
0xfc43, 0x0000, 0xb5b6, 0xdefb, 0xfc02, 0xdedb, 0xdefb, 0x4a49, 0xdefb, 0xfc02, 0xdedb, 0xdefb, 0x6b6d, 0xfc0d, 0x0000, 0xbdd7, 0xfc02, 0xffff, 0xfc02, 0xd6ba, 0xfc05, 0xdedb, 0x3186, 0x0000, 0x630c, 0x9cd3, 0x3186, 0xd6ba, 0xb596, 0xfc15, 0x0000, 0xfc07, 0xdedb, 0xdefb, 0x5acb, 0xfc1e, 0x0000, 0x0020, 
0xfc43, 0x0000, 0xb5b6, 0xdefb, 0xfc02, 0xdedb, 0xdefb, 0x4a49, 0xdefb, 0xfc02, 0xdedb, 0xdefb, 0x6b6d, 0xfc0d, 0x0000, 0xdedb, 0xfc02, 0xffff, 0xfc06, 0xdedb, 0xdefb, 0x0000, 0xbdf7, 0xdedb, 0xdefb, 0xce59, 0x8410, 0xdedb, 0xfc14, 0x0000, 0x3186, 0xdefb, 0xfc06, 0xdedb, 0xdefb, 0x39c7, 0xfc1e, 0x0000, 0x0020, 
0xfc43, 0x0000, 0xb5b6, 0xdefb, 0xfc02, 0xdedb, 0xdefb, 0x4a49, 0xdefb, 0xfc02, 0xdedb, 0xdefb, 0x6b6d, 0xfc0d, 0x0000, 0xfc02, 0xffff, 0xf7be, 0xce59, 0xfc04, 0xdedb, 0xdefb, 0xad75, 0x94b2, 0xdefb, 0xfc02, 0xdedb, 0xdefb, 0x4a69, 0xdedb, 0x2945, 0xfc13, 0x0000, 0x5acb, 0xdefb, 0xfc07, 0xdedb, 0x2104, 0xfc1e, 0x0000, 0x0020, 
0xfc43, 0x0000, 0xb5b6, 0xdefb, 0xfc02, 0xdedb, 0xdefb, 0x4a49, 0xdefb, 0xfc02, 0xdedb, 0xdefb, 0x6b6d, 0xfc0c, 0x0000, 0xb5b6, 0xfc02, 0xffff, 0xdedb, 0xd69a, 0xfc04, 0xdedb, 0xdefb, 0x5acb, 0xd6ba, 0xdefb, 0xfc03, 0xdedb, 0x528a, 0xdedb, 0x8430, 0xfc13, 0x0000, 0x8410, 0xdefb, 0xfc07, 0xdedb, 0x0020, 0xfc1e, 0x0000, 0x0020, 
0xfc43, 0x0000, 0xb5b6, 0xdefb, 0xfc02, 0xdedb, 0xdefb, 0x4a49, 0xdefb, 0xfc02, 0xdedb, 0xdefb, 0x6b6d, 0xfc0c, 0x0000, 0xdedb, 0xfc02, 0xffff, 0xfc02, 0xd6ba, 0xfc04, 0xdedb, 0xdefb, 0x2945, 0xfc03, 0xdedb, 0xdefb, 0xb596, 0x0000, 0xc618, 0xce79, 0xfc13, 0x0000, 0xa514, 0xdefb, 0xfc07, 0xdedb, 0xfc1f, 0x0000, 0x0020, 
0xfc43, 0x0000, 0xb5b6, 0xdefb, 0xfc02, 0xdedb, 0xdefb, 0x4a49, 0xdefb, 0xfc02, 0xdedb, 0xdefb, 0x6b6d, 0xfc09, 0x0000, 0x8c51, 0xce79, 0xdefb, 0xc638, 0xef7d, 0xfc01, 0xffff, 0xd69a, 0xfc04, 0xdedb, 0xdefb, 0xdedb, 0x4a49, 0xdefb, 0xfc02, 0xdedb, 0x9cf3, 0xfc02, 0x0000, 0x7bcf, 0xd6ba, 0xfc13, 0x0000, 0xbdf7, 0xdefb, 0xfc06, 0xdedb, 0xdefb, 0xfc1f, 0x0000, 0x0020, 
0xfc43, 0x0000, 0xb5b6, 0xdefb, 0xfc02, 0xdedb, 0xdefb, 0x4a49, 0xdefb, 0xfc02, 0xdedb, 0xdefb, 0x6b6d, 0xfc08, 0x0000, 0x18e3, 0xdedb, 0xdefb, 0xdedb, 0xce79, 0xef7d, 0xf79e, 0xce79, 0xfc04, 0xdedb, 0xdefb, 0x9cf3, 0xa514, 0xdefb, 0xdedb, 0x8c51, 0xfc03, 0x0000, 0x18e3, 0xc638, 0xfc13, 0x0000, 0xd6ba, 0xdefb, 0xfc05, 0xdedb, 0xdefb, 0xdedb, 0xfc1f, 0x0000, 0x0020, 
0xfc43, 0x0000, 0xb5b6, 0xdefb, 0xfc02, 0xdedb, 0xdefb, 0x4a49, 0xdefb, 0xfc02, 0xdedb, 0xdefb, 0x6b6d, 0xfc08, 0x0000, 0x9cf3, 0xdefb, 0xfc02, 0xdedb, 0xc638, 0xfc01, 0xffff, 0xdedb, 0xd69a, 0xfc04, 0xdedb, 0xdefb, 0x4a49, 0xdefb, 0xdedb, 0x738e, 0xfc19, 0x0000, 0xfc07, 0xdedb, 0xdefb, 0xce79, 0xfc1f, 0x0000, 0x0020, 
0xfc43, 0x0000, 0xb5b6, 0xdefb, 0xfc02, 0xdedb, 0xdefb, 0x4a49, 0xdefb, 0xfc02, 0xdedb, 0xdefb, 0x6b6d, 0xfc08, 0x0000, 0xdefb, 0xfc03, 0xdedb, 0xdefb, 0xfc01, 0xffff, 0xfc02, 0xd6ba, 0xfc05, 0xdedb, 0x2965, 0xd6ba, 0x52aa, 0xfc19, 0x0000, 0x0841, 0xfc07, 0xdedb, 0xdefb, 0xc618, 0xfc1f, 0x0000, 0x0020, 
0xfc43, 0x0000, 0xb5b6, 0xdefb, 0xfc02, 0xdedb, 0xdefb, 0x4a49, 0xdefb, 0xfc02, 0xdedb, 0xdefb, 0x6b6d, 0xfc07, 0x0000, 0x52aa, 0xdefb, 0xfc02, 0xdedb, 0xd69a, 0xd6ba, 0xfc01, 0xffff, 0xce79, 0xfc04, 0xdedb, 0xdefb, 0xd69a, 0x7bcf, 0x528a, 0xfc1a, 0x0000, 0x39c7, 0xdefb, 0xfc02, 0xdedb, 0xfc04, 0xdefb, 0xdedb, 0xad75, 0xfc04, 0x0000, 0x2965, 0x632c, 0x94b2, 0xbdf7, 0xdefb, 0x528a, 0xfc15, 0x0000, 0x0020, 
0xfc43, 0x0000, 0xb5b6, 0xdefb, 0xfc02, 0xdedb, 0xdefb, 0x4a49, 0xdefb, 0xfc02, 0xdedb, 0xdefb, 0x6b6d, 0xfc07, 0x0000, 0xbdd7, 0xdefb, 0xfc02, 0xdedb, 0xce79, 0xfc02, 0xef5d, 0xce79, 0xfc04, 0xdedb, 0xdefb, 0x9cf3, 0xfc1c, 0x0000, 0x630c, 0xdefb, 0xdedb, 0xfc02, 0xdefb, 0x8c51, 0x528a, 0xfc02, 0x18e3, 0x4a49, 0x9492, 0xbdd7, 0xfc02, 0xdedb, 0xfc05, 0xdefb, 0xb596, 0xfc15, 0x0000, 0x0020, 
0xfc43, 0x0000, 0xb5b6, 0xdefb, 0xfc02, 0xdedb, 0xdefb, 0x4a49, 0xdefb, 0xfc02, 0xdedb, 0xdefb, 0x6b6d, 0xfc07, 0x0000, 0xfc04, 0xdedb, 0xce79, 0xfc01, 0xffff, 0xd6ba, 0xd69a, 0xfc04, 0xdedb, 0xdefb, 0x52aa, 0xfc1c, 0x0000, 0x8c51, 0xfc02, 0xdefb, 0xd6ba, 0x0000, 0x9cf3, 0xd69a, 0xfc06, 0xdefb, 0xfc05, 0xdedb, 0xdefb, 0xad55, 0xfc15, 0x0000, 0x0020, 
0xfc43, 0x0000, 0xb5b6, 0xdefb, 0xfc02, 0xdedb, 0xdefb, 0x4a49, 0xdefb, 0xfc02, 0xdedb, 0xdefb, 0x6b6d, 0xfc06, 0x0000, 0x6b6d, 0xdefb, 0xfc02, 0xdedb, 0xfc02, 0xd6ba, 0xfc01, 0xffff, 0xdedb, 0xd6ba, 0xfc05, 0xdedb, 0xfc1d, 0x0000, 0xad55, 0xfc02, 0xdefb, 0x31a6, 0xd6ba, 0xfc02, 0xdefb, 0xfc0b, 0xdedb, 0xdefb, 0xad55, 0xfc15, 0x0000, 0x0020, 
0xfc43, 0x0000, 0xb5b6, 0xdefb, 0xfc02, 0xdedb, 0xdefb, 0x4a49, 0xdefb, 0xfc02, 0xdedb, 0xdefb, 0x6b6d, 0xfc06, 0x0000, 0xc638, 0xdefb, 0xfc02, 0xdedb, 0xd69a, 0xdedb, 0xfc01, 0xffff, 0xce59, 0xfc04, 0xdedb, 0xdefb, 0xce79, 0xfc1d, 0x0000, 0xc638, 0xfc02, 0xdefb, 0x31a6, 0xfc0e, 0xdedb, 0xdefb, 0xad55, 0xfc15, 0x0000, 0x0020, 
0xfc43, 0x0000, 0xb5b6, 0xdefb, 0xfc02, 0xdedb, 0xdefb, 0x4a49, 0xdefb, 0xfc02, 0xdedb, 0xdefb, 0x6b6d, 0xfc06, 0x0000, 0xfc04, 0xdedb, 0xce59, 0xfc01, 0xffff, 0xe73c, 0xce79, 0xfc04, 0xdedb, 0xdefb, 0x9492, 0xfc1d, 0x0000, 0xfc02, 0xdefb, 0xa514, 0x9cd3, 0xdefb, 0xfc0d, 0xdedb, 0xdefb, 0xad55, 0xfc15, 0x0000, 0x0020, 
0xfc43, 0x0000, 0xb5b6, 0xdefb, 0xfc02, 0xdedb, 0xdefb, 0x4a49, 0xdefb, 0xfc02, 0xdedb, 0xdefb, 0x6b6d, 0xfc05, 0x0000, 0x6b4d, 0xdefb, 0xfc03, 0xdedb, 0xdefb, 0xfc01, 0xffff, 0xfc02, 0xd6ba, 0xfc04, 0xdedb, 0xdefb, 0x4208, 0xfc1d, 0x0000, 0xdedb, 0xdefb, 0x31a6, 0xdefb, 0xfc0e, 0xdedb, 0xdefb, 0xa534, 0xfc15, 0x0000, 0x0020, 
0xfc43, 0x0000, 0xb5b6, 0xdefb, 0xfc02, 0xdedb, 0xdefb, 0x4a49, 0xdefb, 0xfc02, 0xdedb, 0xdefb, 0x6b6d, 0xfc05, 0x0000, 0xbdd7, 0xdefb, 0xfc02, 0xdedb, 0xfc02, 0xd6ba, 0xfc01, 0xffff, 0xdefb, 0xfc06, 0xdedb, 0xfc0d, 0x0000, 0x0841, 0x4208, 0x4a49, 0x18e3, 0xfc0d, 0x0000, 0xd6ba, 0xdefb, 0x31a6, 0xdefb, 0xfc0d, 0xdedb, 0xdefb, 0xdedb, 0x630c, 0xfc15, 0x0000, 0x0020, 
0xfc43, 0x0000, 0xb5b6, 0xdefb, 0xfc02, 0xdedb, 0xdefb, 0x4a49, 0xdefb, 0xfc02, 0xdedb, 0xdefb, 0x6b6d, 0xfc05, 0x0000, 0xfc04, 0xdedb, 0xce79, 0xe71c, 0xfc01, 0xffff, 0xce59, 0xfc04, 0xdedb, 0xdefb, 0xc638, 0xfc0b, 0x0000, 0xad75, 0xdefb, 0xdedb, 0xfc02, 0xdefb, 0xdedb, 0xdefb, 0xad55, 0x528a, 0xfc0a, 0x0000, 0x738e, 0xb596, 0x9cf3, 0xdefb, 0xfc09, 0xdedb, 0xfc03, 0xdefb, 0xdedb, 0xc618, 0x7bcf, 0xfc16, 0x0000, 0x0020, 
0xfc43, 0x0000, 0xb5b6, 0xdefb, 0xfc02, 0xdedb, 0xdefb, 0x4a49, 0xdefb, 0xfc02, 0xdedb, 0xdefb, 0x6b6d, 0xfc04, 0x0000, 0x4a49, 0xdefb, 0xfc02, 0xdedb, 0xce79, 0xbdd7, 0xfc01, 0xffff, 0xdefb, 0xce79, 0xfc04, 0xdedb, 0xdefb, 0x8430, 0xfc09, 0x0000, 0x31a6, 0xdedb, 0xfc02, 0xdefb, 0xfc04, 0xdedb, 0xfc03, 0xdefb, 0xdedb, 0xbdf7, 0x6b6d, 0xfc08, 0x0000, 0x1082, 0xdefb, 0xfc07, 0xdedb, 0xfc02, 0xdefb, 0xdedb, 0xdefb, 0xa514, 0x528a, 0xfc19, 0x0000, 0x0020, 
0xfc43, 0x0000, 0xb5b6, 0xdefb, 0xfc02, 0xdedb, 0xdefb, 0x4a49, 0xdefb, 0xfc02, 0xdedb, 0xdefb, 0x6b6d, 0xfc04, 0x0000, 0x94b2, 0xdefb, 0xdedb, 0xd69a, 0xfc02, 0xf7be, 0xfc01, 0xffff, 0xd6ba, 0xd69a, 0xfc05, 0xdedb, 0x3186, 0xfc09, 0x0000, 0xbdd7, 0xdefb, 0xfc0a, 0xdedb, 0xfc02, 0xdefb, 0xdedb, 0xce79, 0x8c51, 0x2124, 0xfc04, 0x0000, 0x4a69, 0xdefb, 0xfc04, 0xdedb, 0xfc02, 0xdefb, 0xdedb, 0xc638, 0x8410, 0x2104, 0xfc1c, 0x0000, 0x0020, 
0xfc43, 0x0000, 0xb5b6, 0xdefb, 0xfc02, 0xdedb, 0xdefb, 0x4a49, 0xdefb, 0xfc02, 0xdedb, 0xdefb, 0x6b6d, 0xfc04, 0x0000, 0xd69a, 0xdefb, 0xfc02, 0xd6ba, 0xfc03, 0xffff, 0xd6ba, 0xd69a, 0xfc04, 0xdedb, 0xdefb, 0xfc0a, 0x0000, 0x0861, 0xfc0e, 0xdedb, 0xfc02, 0xdefb, 0xdedb, 0xdefb, 0x9cf3, 0x4a49, 0x0000, 0xb596, 0xdefb, 0xfc03, 0xdedb, 0xd6ba, 0x9492, 0x39c7, 0xfc20, 0x0000, 0x0020, 
0xfc43, 0x0000, 0x94b2, 0xfc03, 0xdedb, 0xdefb, 0x4a49, 0xdefb, 0xfc02, 0xdedb, 0xdefb, 0x6b6d, 0xfc04, 0x0000, 0xfc02, 0xdedb, 0xce79, 0xe71c, 0xfc03, 0xffff, 0xdedb, 0xd69a, 0xfc03, 0xdedb, 0xdefb, 0xd69a, 0xfc0b, 0x0000, 0x94b2, 0xdefb, 0xfc0f, 0xdedb, 0xfc02, 0xdefb, 0xdedb, 0x39e7, 0xdefb, 0xfc03, 0xdedb, 0xdefb, 0xdedb, 0xc638, 0xce79, 0xd6ba, 0xce79, 0xfc1e, 0x0000, 0x0020, 
0xfc42, 0x0000, 0xd6ba, 0xfc01, 0xffff, 0xd6ba, 0xc638, 0xdedb, 0xdefb, 0x4a49, 0xdefb, 0xfc02, 0xdedb, 0xdefb, 0x6b6d, 0xfc03, 0x0000, 0x4a69, 0xdefb, 0xdedb, 0xd6ba, 0xfc04, 0xffff, 0xef7d, 0xce59, 0xfc03, 0xdedb, 0xdefb, 0xdedb, 0xfc0c, 0x0000, 0xfc02, 0xdefb, 0xfc0f, 0xdedb, 0xfc02, 0xdefb, 0x31a6, 0xdefb, 0xfc02, 0xdedb, 0xce79, 0xdefb, 0xfc05, 0xffff, 0x8430, 0xfc1d, 0x0000, 0x0020, 
0xfc42, 0x0000, 0xdefb, 0xfc02, 0xffff, 0xf7be, 0xd69a, 0xdefb, 0x4a49, 0xdefb, 0xfc02, 0xdedb, 0xdefb, 0x6b6d, 0xfc03, 0x0000, 0x8410, 0xdefb, 0xc638, 0xe71c, 0xfc05, 0xffff, 0xfc06, 0xdedb, 0xfc0d, 0x0000, 0xd6ba, 0xdefb, 0xfc0e, 0xdedb, 0xdefb, 0x9492, 0xa534, 0xdefb, 0xfc02, 0xdedb, 0xce59, 0xfc06, 0xffff, 0xd6ba, 0xfc1d, 0x0000, 0x0020, 
0xfc42, 0x0000, 0xdefb, 0xfc03, 0xffff, 0xd6ba, 0xdefb, 0x4a49, 0xdefb, 0xfc02, 0xdedb, 0xdefb, 0x6b6d, 0xfc03, 0x0000, 0xdefb, 0xfc02, 0xd6ba, 0xfc06, 0xffff, 0xd6ba, 0xd69a, 0xfc03, 0xdedb, 0xdefb, 0x7bef, 0xfc0d, 0x0000, 0xc638, 0xdefb, 0xfc0d, 0xdedb, 0xdefb, 0x2945, 0xdefb, 0xfc02, 0xdedb, 0xfc02, 0xd6ba, 0xfc06, 0xffff, 0xf79e, 0xfc1d, 0x0000, 0x0020, 
0xfc42, 0x0000, 0xdefb, 0xfc03, 0xffff, 0xfc02, 0xdedb, 0x4a49, 0xdefb, 0xfc02, 0xdedb, 0xdefb, 0x6b4d, 0xfc03, 0x0000, 0xfc0a, 0xffff, 0xce59, 0xfc03, 0xdedb, 0xdefb, 0xdedb, 0xfc0e, 0x0000, 0xce79, 0xd6ba, 0xfc0c, 0xdedb, 0xdefb, 0x39c7, 0xdefb, 0xfc02, 0xdedb, 0xce79, 0xdefb, 0xfc07, 0xffff, 0xfc1d, 0x0000, 0x0020, 
0xfc42, 0x0000, 0xdefb, 0xfc03, 0xffff, 0xd6ba, 0xdedb, 0x4a49, 0xdefb, 0xfc02, 0xdedb, 0xdefb, 0x8c51, 0x2945, 0x2124, 0xa514, 0xfc01, 0xffdf, 0xfc09, 0xffff, 0xfc02, 0xd6ba, 0xfc04, 0xdedb, 0x31a6, 0xfc0d, 0x0000, 0x3186, 0xdefb, 0xc638, 0xce79, 0xfc09, 0xce59, 0xd6ba, 0x8c71, 0xa534, 0xdefb, 0xfc02, 0xdedb, 0xce59, 0xfc08, 0xffff, 0x8430, 0xfc1c, 0x0000, 0x0020, 
0xfc42, 0x0000, 0xdefb, 0xfc03, 0xffff, 0xd6ba, 0xdedb, 0x4a49, 0xdefb, 0xfc03, 0xdedb, 0xfc04, 0xdefb, 0xc638, 0xd6ba, 0xfc08, 0xffff, 0xef7d, 0xce59, 0xfc03, 0xdedb, 0xdefb, 0xad75, 0xfc0e, 0x0000, 0xce79, 0xfc0c, 0xffff, 0x5aeb, 0xdefb, 0xfc02, 0xdedb, 0xfc02, 0xd6ba, 0xfc08, 0xffff, 0xdefb, 0xfc1c, 0x0000, 0x0020, 
0xfc42, 0x0000, 0xdefb, 0xfc03, 0xffff, 0xd6ba, 0xdedb, 0x4a49, 0xdefb, 0xfc08, 0xdedb, 0xdefb, 0xfc09, 0xffff, 0xdefb, 0xfc05, 0xdedb, 0xfc10, 0x0000, 0xa514, 0xd6ba, 0xfc09, 0xffff, 0x10a2, 0xdefb, 0xfc02, 0xdedb, 0xce79, 0xe71c, 0xfc08, 0xffff, 0xd6ba, 0xfc1c, 0x0000, 0x0020, 
0xfc42, 0x0000, 0xdefb, 0xfc03, 0xffff, 0xd6ba, 0xdedb, 0x4a49, 0xdefb, 0xfc08, 0xdedb, 0xce59, 0xfc09, 0xffff, 0xdedb, 0xce79, 0xfc03, 0xdedb, 0xdefb, 0x738e, 0xfc12, 0x0000, 0x39e7, 0xd6ba, 0xdefb, 0xfc04, 0xffff, 0xdedb, 0x9cf3, 0xdefb, 0xfc02, 0xdedb, 0xce79, 0xfc0a, 0xffff, 0xfc1c, 0x0000, 0x0020, 
0xfc42, 0x0000, 0xdefb, 0xfc03, 0xffff, 0xd6ba, 0xdedb, 0x4a49, 0xdefb, 0xfc08, 0xdedb, 0xce79, 0xef5d, 0xfc09, 0xffff, 0xce79, 0xfc03, 0xdedb, 0xdefb, 0xd6ba, 0xfc16, 0x0000, 0x94b2, 0xd6ba, 0xfc01, 0xffff, 0x4a69, 0xdefb, 0xfc02, 0xdedb, 0xfc02, 0xd6ba, 0xfc0a, 0xffff, 0xfc1c, 0x0000, 0x0020, 
0xfc42, 0x0000, 0xdefb, 0xfc03, 0xffff, 0xd6ba, 0xdedb, 0x4a49, 0xdefb, 0xfc08, 0xdedb, 0xd69a, 0xdedb, 0xfc09, 0xffff, 0xfc02, 0xd6ba, 0xfc04, 0xdedb, 0x2104, 0xfc18, 0x0000, 0x4a69, 0xdefb, 0xfc02, 0xdedb, 0xce79, 0xe71c, 0xfc0a, 0xffff, 0x6b6d, 0xfc1b, 0x0000, 0x0020, 
0xfc42, 0x0000, 0xdefb, 0xfc03, 0xffff, 0xd6ba, 0xdedb, 0x4a49, 0xdefb, 0xfc08, 0xdedb, 0xfc02, 0xd6ba, 0xfc09, 0xffff, 0xf7be, 0xce59, 0xfc03, 0xdedb, 0xdefb, 0xce79, 0xfc17, 0x0000, 0x18c3, 0xdedb, 0xdefb, 0xfc02, 0xdedb, 0xce79, 0xfc0b, 0xffff, 0xc638, 0xfc1b, 0x0000, 0x0020, 
0xfc42, 0x0000, 0xdefb, 0xfc03, 0xffff, 0xd6ba, 0xdedb, 0x4a49, 0xdefb, 0xfc0a, 0xdedb, 0xfc0a, 0xffff, 0xdedb, 0xd6ba, 0xfc03, 0xdedb, 0xdefb, 0xfc18, 0xdedb, 0xdefb, 0xfc02, 0xdedb, 0xfc02, 0xd6ba, 0xfc0b, 0xffff, 0xd6ba, 0xfc1b, 0x0000, 0x0020, 
0xfc42, 0x0000, 0xdefb, 0xfc03, 0xffff, 0xd6ba, 0xdedb, 0x4a49, 0xdefb, 0xfc09, 0xdedb, 0xce59, 0xfc0a, 0xffff, 0xe71c, 0xc638, 0xfc1f, 0xdedb, 0xc638, 0xe73c, 0xfc0b, 0xffff, 0xdefb, 0xfc1b, 0x0000, 0x0020, 
0xfc42, 0x0000, 0xdefb, 0xfc03, 0xffff, 0xd6ba, 0xdedb, 0x4a49, 0xdefb, 0xfc09, 0xdedb, 0xce79, 0xef7d, 0xfc0a, 0xffff, 0xd6ba, 0xc638, 0xfc1d, 0xce59, 0xc638, 0xd6ba, 0xfc0d, 0xffff, 0xfc1b, 0x0000, 0x0020, 
0xfc42, 0x0000, 0xdefb, 0xfc03, 0xffff, 0xd6ba, 0xdedb, 0x4a49, 0xdefb, 0xfc09, 0xdedb, 0xd69a, 0xdefb, 0xfc0c, 0xffff, 0xfc1d, 0xffdf, 0xfc0f, 0xffff, 0xfc1b, 0x0000, 0x0020, 
0xfc42, 0x0000, 0xdefb, 0xfc03, 0xffff, 0xd6ba, 0xdedb, 0x4a49, 0xdefb, 0xfc09, 0xdedb, 0xfc02, 0xd6ba, 0xfc30, 0xffff, 0x8ffe, 0xfc06, 0x07dd, 0x07fe, 0x4678, 0xfc1a, 0x0000, 0x0020, 
0xfc42, 0x0000, 0xdefb, 0xfc03, 0xffff, 0xd6ba, 0xdedb, 0x4a49, 0xdefb, 0xfc09, 0xdedb, 0xd6ba, 0xdedb, 0xfc30, 0xffff, 0x57ff, 0x07ff, 0xfc04, 0x17ff, 0x1fff, 0x2fff, 0x2f9c, 0xfc1a, 0x0000, 0x0020, 
0xfc42, 0x0000, 0xdefb, 0xfc03, 0xffff, 0xd6ba, 0xdedb, 0x4a49, 0xdefb, 0xfc0a, 0xdedb, 0xd6ba, 0xfc06, 0xdedb, 0xfc29, 0xd6ba, 0xdeba, 0xfc05, 0xdedb, 0xdefb, 0xad55, 0xfc1c, 0x0000, 0x0020, 
0xfc42, 0x0000, 0xdefb, 0xfc03, 0xffff, 0xd6ba, 0xdedb, 0x4a49, 0xdefb, 0xfc0b, 0xdedb, 0xfc31, 0xce79, 0xfc04, 0xd679, 0xd6ba, 0x9cb2, 0xfc1c, 0x0000, 0x0020, 
0xfc42, 0x0000, 0xdefb, 0xfc03, 0xffff, 0xd6ba, 0xdedb, 0x4a49, 0xdefb, 0xfc0a, 0xdedb, 0xce79, 0xfc36, 0xe71c, 0xdefb, 0xfc02, 0xd6ba, 0xfc1a, 0x0000, 0x0020, 
0xfc42, 0x0000, 0xdefb, 0xfc03, 0xffff, 0xd6ba, 0xdedb, 0x4a49, 0xdefb, 0xfc0a, 0xdedb, 0xd69a, 0xfc38, 0xffff, 0xe71c, 0xfc1a, 0x0000, 0x0020, 
0xfc42, 0x0000, 0xdefb, 0xfc03, 0xffff, 0xd6ba, 0xdedb, 0x4a49, 0xdefb, 0xfc09, 0xdedb, 0xd6ba, 0xdedb, 0xfc38, 0xffff, 0xb5b6, 0xfc1a, 0x0000, 0x0020, 
0xfc42, 0x0000, 0xdefb, 0xfc03, 0xffff, 0xd6ba, 0xdedb, 0x4a49, 0xdefb, 0xfc09, 0xdedb, 0xfc02, 0xd6ba, 0xfc06, 0xffff, 0xdefb, 0xfc02, 0xd6ba, 0xfc2e, 0xffff, 0x632c, 0xfc1b, 0x0000, 0x0020, 
0xfc42, 0x0000, 0xdefb, 0xfc03, 0xffff, 0xd6ba, 0xdedb, 0x4a49, 0xdefb, 0xfc09, 0xdedb, 0xd69a, 0xd6ba, 0xfc04, 0xffff, 0xd6ba, 0xce59, 0xce79, 0xd69a, 0xc638, 0xdefb, 0xfc2d, 0xffff, 0xfc1c, 0x0000, 0x0020, 
0xfc42, 0x0000, 0xdefb, 0xfc03, 0xffff, 0xd6ba, 0xdedb, 0x4a49, 0xdefb, 0xfc09, 0xdedb, 0xc618, 0xef5d, 0xfc03, 0xffff, 0xdefb, 0xce79, 0xfc03, 0xdedb, 0xd6ba, 0xdedb, 0xfc2c, 0xffff, 0xd6ba, 0xfc1c, 0x0000, 0x0020, 
0xfc42, 0x0000, 0xdefb, 0xfc03, 0xffff, 0xd6ba, 0xdedb, 0x4a49, 0xdefb, 0xfc03, 0xdedb, 0xdefb, 0xfc02, 0xdedb, 0xfc02, 0xce59, 0xc638, 0xd6ba, 0xfc03, 0xffff, 0xdedb, 0xd69a, 0xfc05, 0xdedb, 0xce59, 0xf7be, 0xfc2b, 0xffff, 0xd6ba, 0xfc1c, 0x0000, 0x0020, 
0xfc42, 0x0000, 0xdefb, 0xfc03, 0xffff, 0xd6ba, 0xdedb, 0x4a49, 0xdefb, 0xfc02, 0xdedb, 0xdefb, 0x632c, 0x0000, 0xdedb, 0xfc06, 0xffff, 0xdedb, 0xce79, 0xfc05, 0xdedb, 0xd6ba, 0xc638, 0xd6ba, 0xfc2b, 0xffff, 0xdefb, 0x9cf3, 0xfc1b, 0x0000, 0x0020, 
0xfc42, 0x0000, 0xdefb, 0xfc03, 0xffff, 0xd6ba, 0xdedb, 0x4a49, 0xdefb, 0xfc02, 0xdedb, 0xdefb, 0x6b6d, 0x0000, 0x9cf3, 0xfc06, 0xffff, 0xfc05, 0xdedb, 0xd6ba, 0xc638, 0xd6ba, 0xf7be, 0xd6ba, 0xfc2a, 0xffff, 0xfc01, 0xffdf, 0xce59, 0xdedb, 0xfc1b, 0x0000, 0x0020, 
0xfc42, 0x0000, 0xdefb, 0xfc03, 0xffff, 0xd6ba, 0xdedb, 0x4a49, 0xdefb, 0xfc02, 0xdedb, 0xdefb, 0x6b6d, 0x0000, 0x2965, 0xfc05, 0xffff, 0xf79e, 0xce59, 0xfc03, 0xdedb, 0xce79, 0xd6ba, 0xf79e, 0xfc02, 0xffff, 0xf79e, 0xd6ba, 0xfc29, 0xffff, 0xdedb, 0xd69a, 0xdefb, 0x5aeb, 0xfc1a, 0x0000, 0x0020, 
0xfc42, 0x0000, 0xdedb, 0xfc03, 0xffff, 0xd6ba, 0xdedb, 0x4a49, 0xdefb, 0xfc02, 0xdedb, 0xdefb, 0x6b6d, 0xfc02, 0x0000, 0xfc05, 0xffff, 0xdefb, 0xce79, 0xfc02, 0xdedb, 0xfc02, 0xd6ba, 0xfc05, 0xffff, 0xd6ba, 0xfc29, 0xffff, 0xfc02, 0xd6ba, 0xdefb, 0x8c71, 0xfc1a, 0x0000, 0x0020, 
0xfc41, 0x0000, 0xd6ba, 0xfc01, 0xffdf, 0xfc03, 0xffff, 0xd6ba, 0xdedb, 0x4a49, 0xdefb, 0xfc02, 0xdedb, 0xdefb, 0x6b6d, 0xfc02, 0x0000, 0xe73c, 0xfc04, 0xffff, 0xdedb, 0xd69a, 0xfc02, 0xdedb, 0xd69a, 0xd6ba, 0xfc05, 0xffff, 0xdedb, 0xe73c, 0xfc28, 0xffff, 0xce59, 0xdedb, 0xdefb, 0x9cd3, 0xfc1a, 0x0000, 0x0020, 
0xfc35, 0x0000, 0x0020, 0x0861, 0x1082, 0x10a2, 0x18c3, 0x18e3, 0x2104, 0x2124, 0x18e3, 0x39c7, 0xd6ba, 0xfc06, 0xffff, 0xd6ba, 0xdedb, 0x4a49, 0xdefb, 0xfc02, 0xdedb, 0xdefb, 0x6b6d, 0xfc02, 0x0000, 0xd6ba, 0xfc04, 0xffff, 0xe71c, 0xce79, 0xfc03, 0xdedb, 0xce79, 0xfc06, 0xffff, 0xd6ba, 0xfc27, 0xffff, 0xe73c, 0xce79, 0xdedb, 0xdefb, 0x8410, 0xfc1a, 0x0000, 0x0020, 
0xfc0f, 0x0000, 0x0020, 0xfc02, 0x9cd3, 0xfc02, 0x9cf3, 0xa514, 0xfc02, 0xa534, 0xad55, 0xad75, 0xfc02, 0xb596, 0xfc02, 0xb5b6, 0xbdd7, 0xfc02, 0xbdf7, 0xc618, 0xfc02, 0xc638, 0xce59, 0xce79, 0xd6ba, 0xdedb, 0xfc02, 0xdefb, 0xfc05, 0xdedb, 0xfc0f, 0xd6ba, 0xdedb, 0xfc08, 0xffff, 0xd6ba, 0xdedb, 0x4a49, 0xdefb, 0xfc02, 0xdedb, 0xdefb, 0x738e, 0xfc02, 0x0000, 0x7bef, 0xfc05, 0xffff, 0xce59, 0xfc03, 0xdedb, 0xfc02, 0xd6ba, 0xfc05, 0xffff, 0xf7be, 0xd6ba, 0xfc26, 0xffff, 0xfc02, 0xd6ba, 0xfc02, 0xdedb, 0x39e7, 0xfc1a, 0x0000, 0x0020, 
0xfc0f, 0x0000, 0xa534, 0xef5d, 0xf7be, 0xf79e, 0xfc02, 0xf7be, 0xfc03, 0xffdf, 0xfc2e, 0xffff, 0xd6ba, 0xdedb, 0x4a49, 0xdefb, 0xdedb, 0xdefb, 0xdedb, 0x528a, 0xfc03, 0x0000, 0xd6ba, 0xfc01, 0xffff, 0xfc02, 0xf79e, 0xfc01, 0xffff, 0xd6ba, 0xfc04, 0xdedb, 0xd6ba, 0xce79, 0xfc04, 0xdedb, 0xdefb, 0xd6ba, 0xdedb, 0xe71c, 0xef7d, 0xfc18, 0xf79e, 0xf7be, 0xfc08, 0xffdf, 0xfc01, 0xffff, 0xd6ba, 0xce79, 0xdedb, 0xfc02, 0xdefb, 0xfc1b, 0x0000, 0x0020, 
0xfc0f, 0x0000, 0x7bef, 0xdefb, 0xfc02, 0xe73c, 0xfc03, 0xef5d, 0xfc02, 0xef7d, 0xf79e, 0xfc02, 0xf7be, 0xfc02, 0xffdf, 0xfc29, 0xffff, 0xd6ba, 0xdedb, 0x4a49, 0xfc03, 0xdefb, 0x2124, 0xfc09, 0x0000, 0x1082, 0xfc0d, 0xdedb, 0xfc1b, 0x0000, 0xdedb, 0xce79, 0xfc07, 0xce59, 0xd69a, 0xfc03, 0xdedb, 0x5aeb, 0xfc1b, 0x0000, 0x0020, 
0xfc10, 0x0000, 0x2945, 0x31a6, 0x39c7, 0x39e7, 0x4208, 0x4a49, 0x4a69, 0x528a, 0x5acb, 0x5aeb, 0x630c, 0x632c, 0x6b6d, 0x738e, 0x73ae, 0x7bcf, 0x7bef, 0x8410, 0x8c51, 0xfc02, 0x8c71, 0x94b2, 0x9cd3, 0xa514, 0xad75, 0xb5b6, 0xbdf7, 0xc638, 0xce59, 0xd69a, 0xdedb, 0xfc02, 0xdefb, 0xfc02, 0xdedb, 0xfc0a, 0xd6ba, 0xe71c, 0xfc08, 0xffff, 0xfc02, 0xdedb, 0x4a49, 0xdedb, 0xbdd7, 0xfc0c, 0x0000, 0x7bcf, 0xfc0b, 0xdedb, 0x73ae, 0xfc1b, 0x0000, 0x39c7, 0xdedb, 0xdefb, 0xfc09, 0xdedb, 0xad75, 0xfc1c, 0x0000, 0x0020, 
0xfc3f, 0x0000, 0x8430, 0xdedb, 0xe71c, 0xfc04, 0xffff, 0xd6ba, 0xdedb, 0x5acb, 0x7bcf, 0xfc0e, 0x0000, 0x738e, 0xdedb, 0xdefb, 0xfc05, 0xdedb, 0xdefb, 0xdedb, 0x6b6d, 0xfc1d, 0x0000, 0x39e7, 0xdedb, 0xfc02, 0xdefb, 0xfc04, 0xdedb, 0xdefb, 0xdedb, 0x9cf3, 0xfc1d, 0x0000, 0x0020, 
0xfc59, 0x0000, 0x0861, 0xad75, 0xfc02, 0xdedb, 0xdefb, 0xfc02, 0xdedb, 0xad55, 0x0841, 0xfc20, 0x0000, 0x94b2, 0xdefb, 0xdedb, 0xdefb, 0xfc02, 0xdedb, 0xbdd7, 0x2965, 0xfc1e, 0x0000, 0x0020, 
0xfc5c, 0x0000, 0x18e3, 0x31a6, 0x18c3, 0xfc25, 0x0000, 0x1082, 0x31a6, 0x2124, 0xfc21, 0x0000, 0x0020, 
0xfca8, 0x0000, 0x0020, 
0xfca8, 0x0000, 0x0020, 
0xfca8, 0x0000, 0x0020, 
0xfca8, 0x0000, 0x0020, 
0xfca8, 0x0000, 0x0020, 
0xfca8, 0x0000, 0x0020, 
0xfca8, 0x0000, 0x0020, 
0xfca8, 0x0000, 0x0020, 
0xfca8, 0x0000, 0x0020, 
0xfca9, 0x0000, 
0xfca8, 0x1082, 0x10a2, 

};

const unsigned short u_01_notice_osha[] = {
0x0000, 0x2d32, 
0xfcdc, 0x445a, 
0xfcdc, 0x445a, 
0xfcdc, 0x445a, 
0xfcdc, 0x445a, 
0xfcdc, 0x445a, 
0xfcdc, 0x445a, 
0xfcdc, 0x445a, 
0xfcdc, 0x445a, 
0xfc21, 0x445a, 0x549a, 0xb69d, 0xfc02, 0xf7df, 0xb67d, 0x549a, 0xfcb5, 0x445a, 
0xfc21, 0x445a, 0x8dbc, 0xef9f, 0xfc02, 0xffff, 0xe79f, 0x859c, 0x4c7a, 0xfc16, 0x445a, 0x755b, 0xfc05, 0xffff, 0x755b, 0xfc09, 0x445a, 0x755b, 0xfc04, 0xffff, 0xcf1e, 0xfc0c, 0x445a, 0x755b, 0x9e1c, 0xdf5e, 0xfc05, 0xffff, 0xc6de, 0x9e1c, 0x5cda, 0xfc09, 0x445a, 0x755b, 0xfc14, 0xffff, 0xe79f, 0xfc02, 0x445a, 0x9e1c, 0xfc04, 0xffff, 0xe79f, 0xfc0c, 0x445a, 0x755b, 0x9e1c, 0xdf5e, 0xfc04, 0xffff, 0xf7bf, 0x9e1c, 0x95dc, 0xfc09, 0x445a, 0x5cda, 0xfc13, 0xffff, 0x95dc, 0xfc16, 0x445a, 
0xfc20, 0x445a, 0x5cda, 0xcf1e, 0xfc04, 0xffff, 0xcefe, 0x5cda, 0xfc16, 0x445a, 0x755b, 0xfc05, 0xffff, 0xdf5e, 0xfc09, 0x445a, 0x755b, 0xfc04, 0xffff, 0xcf1e, 0xfc0a, 0x445a, 0x95dc, 0xe79f, 0xfc0b, 0xffff, 0xcf1e, 0x755b, 0xfc07, 0x445a, 0x755b, 0xfc14, 0xffff, 0xe79f, 0xfc02, 0x445a, 0x9e1c, 0xfc04, 0xffff, 0xe79f, 0xfc0a, 0x445a, 0x859c, 0xe79f, 0xfc0a, 0xffff, 0xf7bf, 0x95dc, 0xfc07, 0x445a, 0x5cda, 0xfc13, 0xffff, 0x95dc, 0xfc16, 0x445a, 
0xfc1f, 0x445a, 0x4c7a, 0xae5d, 0xf7df, 0xfc04, 0xffff, 0xf7df, 0xa63d, 0x4c9a, 0xfc15, 0x445a, 0x755b, 0xfc06, 0xffff, 0x95dc, 0xfc08, 0x445a, 0x755b, 0xfc04, 0xffff, 0xcf1e, 0xfc09, 0x445a, 0xc6de, 0xfc0f, 0xffff, 0xae5d, 0xfc06, 0x445a, 0x755b, 0xfc14, 0xffff, 0xe79f, 0xfc02, 0x445a, 0x9e1c, 0xfc04, 0xffff, 0xe79f, 0xfc09, 0x445a, 0xc6de, 0xfc0e, 0xffff, 0xcf1e, 0x549a, 0xfc05, 0x445a, 0x5cda, 0xfc13, 0xffff, 0x95dc, 0xfc16, 0x445a, 
0xfc1e, 0x445a, 0x4c7a, 0x7d7b, 0xef9f, 0xfc06, 0xffff, 0xef9f, 0x7d7b, 0xfc15, 0x445a, 0x755b, 0xfc06, 0xffff, 0xe79f, 0x549a, 0xfc07, 0x445a, 0x755b, 0xfc04, 0xffff, 0xcf1e, 0xfc07, 0x445a, 0x549a, 0xdf5e, 0xfc11, 0xffff, 0xcf1e, 0xfc05, 0x445a, 0x755b, 0xfc14, 0xffff, 0xe79f, 0xfc02, 0x445a, 0x9e1c, 0xfc04, 0xffff, 0xe79f, 0xfc08, 0x445a, 0xcf1e, 0xfc10, 0xffff, 0xdf5e, 0xfc05, 0x445a, 0x5cda, 0xfc13, 0xffff, 0x95dc, 0xfc16, 0x445a, 
0xfc1e, 0x445a, 0x64fb, 0xcf1e, 0xfc03, 0xffff, 0xfc02, 0xefbf, 0xfc03, 0xffff, 0xc6de, 0x5cda, 0xfc14, 0x445a, 0x755b, 0xfc07, 0xffff, 0x9e1c, 0xfc07, 0x445a, 0x755b, 0xfc04, 0xffff, 0xcf1e, 0xfc07, 0x445a, 0xc6de, 0xfc06, 0xffff, 0xae5d, 0x755b, 0xfc03, 0x445a, 0x755b, 0xb69d, 0xfc06, 0xffff, 0xb69d, 0xfc0c, 0x445a, 0x755b, 0xfc04, 0xffff, 0xe79f, 0xfc0a, 0x445a, 0x9e1c, 0xfc04, 0xffff, 0xe79f, 0xfc07, 0x445a, 0xae5d, 0xfc05, 0xffff, 0xe79f, 0x9e1c, 0xfc03, 0x445a, 0x549a, 0x9e1c, 0xfc06, 0xffff, 0x9e1c, 0xfc04, 0x445a, 0x5cda, 0xfc05, 0xffff, 0xfc25, 0x445a, 
0xfc1d, 0x445a, 0x4c7a, 0x9e1c, 0xfc03, 0xffff, 0xd71e, 0x95fc, 0x9dfc, 0xdf3e, 0xfc03, 0xffff, 0x95fc, 0x4c7a, 0xfc13, 0x445a, 0x755b, 0xfc08, 0xffff, 0x5cda, 0xfc06, 0x445a, 0x755b, 0xfc04, 0xffff, 0xcf1e, 0xfc06, 0x445a, 0x95dc, 0xfc05, 0xffff, 0xe79f, 0x6d1b, 0xfc07, 0x445a, 0x755b, 0xf7bf, 0xfc05, 0xffff, 0x859c, 0xfc0b, 0x445a, 0x755b, 0xfc04, 0xffff, 0xe79f, 0xfc0a, 0x445a, 0x9e1c, 0xfc04, 0xffff, 0xe79f, 0xfc06, 0x445a, 0x755b, 0xfc05, 0xffff, 0xcf1e, 0xfc07, 0x445a, 0x5cda, 0xdf5e, 0xfc05, 0xffff, 0x549a, 0xfc03, 0x445a, 0x5cda, 0xfc05, 0xffff, 0xfc25, 0x445a, 
0xfc1d, 0x445a, 0x755b, 0xe77f, 0xfc02, 0xffff, 0xef9f, 0x857b, 0x445a, 0x4c7a, 0x7d7b, 0xefbf, 0xfc02, 0xffff, 0xe77e, 0x755b, 0xfc13, 0x445a, 0x755b, 0xfc08, 0xffff, 0xb69d, 0xfc06, 0x445a, 0x755b, 0xfc04, 0xffff, 0xcf1e, 0xfc05, 0x445a, 0x549a, 0xf7bf, 0xfc04, 0xffff, 0xf7bf, 0x5cda, 0xfc09, 0x445a, 0x6d1b, 0xfc05, 0xffff, 0xe79f, 0xfc0b, 0x445a, 0x755b, 0xfc04, 0xffff, 0xe79f, 0xfc0a, 0x445a, 0x9e1c, 0xfc04, 0xffff, 0xe79f, 0xfc06, 0x445a, 0xdf5e, 0xfc04, 0xffff, 0xdf5e, 0xfc09, 0x445a, 0x5cda, 0xfc05, 0xffff, 0x9e1c, 0xfc03, 0x445a, 0x5cda, 0xfc05, 0xffff, 0xfc25, 0x445a, 
0xfc1c, 0x445a, 0x5cba, 0xbebd, 0xfc03, 0xffff, 0xcf1e, 0x64fb, 0xfc02, 0x445a, 0x5cda, 0xdf3e, 0xfc03, 0xffff, 0xbebd, 0x5cba, 0xfc12, 0x445a, 0x755b, 0xfc09, 0xffff, 0x755b, 0xfc05, 0x445a, 0x755b, 0xfc04, 0xffff, 0xcf1e, 0xfc05, 0x445a, 0x95dc, 0xfc05, 0xffff, 0x95dc, 0xfc0b, 0x445a, 0x9e1c, 0xfc05, 0xffff, 0x859c, 0xfc0a, 0x445a, 0x755b, 0xfc04, 0xffff, 0xe79f, 0xfc0a, 0x445a, 0x9e1c, 0xfc04, 0xffff, 0xe79f, 0xfc05, 0x445a, 0x755b, 0xfc05, 0xffff, 0x755b, 0xfc0a, 0x445a, 0xb69d, 0xf7bf, 0xfc02, 0x9e1c, 0x6d1b, 0xfc04, 0x445a, 0x5cda, 0xfc05, 0xffff, 0xfc25, 0x445a, 
0xfc1c, 0x445a, 0x95fc, 0xf7df, 0xfc03, 0xffff, 0xcefe, 0x6d1b, 0xfc02, 0x445a, 0x64fb, 0xd73e, 0xfc03, 0xffff, 0xf7df, 0x95fc, 0x4c7a, 0xfc11, 0x445a, 0x755b, 0xfc09, 0xffff, 0xcf1e, 0xfc05, 0x445a, 0x755b, 0xfc04, 0xffff, 0xcf1e, 0xfc05, 0x445a, 0xcf1e, 0xfc04, 0xffff, 0xf7bf, 0xfc0c, 0x445a, 0x549a, 0xfc05, 0xffff, 0xc6de, 0xfc0a, 0x445a, 0x755b, 0xfc04, 0xffff, 0xe79f, 0xfc0a, 0x445a, 0x9e1c, 0xfc04, 0xffff, 0xe79f, 0xfc05, 0x445a, 0xae5d, 0xfc04, 0xffff, 0xdf5e, 0xfc14, 0x445a, 0x5cda, 0xfc05, 0xffff, 0xfc25, 0x445a, 
0xfc1b, 0x445a, 0x6d3b, 0xdf5e, 0xfc04, 0xffff, 0xd71e, 0x6d3b, 0xfc02, 0x445a, 0x64fb, 0xdf5e, 0xfc04, 0xffff, 0xd71e, 0x6d3b, 0xfc11, 0x445a, 0x755b, 0xfc04, 0xffff, 0xe79f, 0xfc05, 0xffff, 0x95dc, 0xfc04, 0x445a, 0x755b, 0xfc04, 0xffff, 0xcf1e, 0xfc05, 0x445a, 0xfc05, 0xffff, 0xae5d, 0xfc0d, 0x445a, 0xc6de, 0xfc04, 0xffff, 0xf7bf, 0xfc0a, 0x445a, 0x755b, 0xfc04, 0xffff, 0xe79f, 0xfc0a, 0x445a, 0x9e1c, 0xfc04, 0xffff, 0xe79f, 0xfc05, 0x445a, 0xdf5e, 0xfc04, 0xffff, 0xae5d, 0xfc14, 0x445a, 0x5cda, 0xfc05, 0xffff, 0xfc25, 0x445a, 
0xfc1a, 0x445a, 0x54ba, 0xb67d, 0xfc05, 0xffff, 0xdf3e, 0x753b, 0xfc02, 0x445a, 0x6d1b, 0xe77f, 0xfc04, 0xffff, 0xfc01, 0xffdf, 0xae7d, 0x4c7a, 0xfc10, 0x445a, 0x755b, 0xfc04, 0xffff, 0xcf1e, 0xae5d, 0xfc04, 0xffff, 0xe79f, 0x549a, 0xfc03, 0x445a, 0x755b, 0xfc04, 0xffff, 0xcf1e, 0xfc04, 0x445a, 0x6d1b, 0xfc05, 0xffff, 0x95dc, 0xfc0d, 0x445a, 0xae5d, 0xfc05, 0xffff, 0x5cda, 0xfc09, 0x445a, 0x755b, 0xfc04, 0xffff, 0xe79f, 0xfc0a, 0x445a, 0x9e1c, 0xfc04, 0xffff, 0xe79f, 0xfc05, 0x445a, 0xfc05, 0xffff, 0x95dc, 0xfc14, 0x445a, 0x5cda, 0xfc12, 0xffff, 0x95dc, 0xfc17, 0x445a, 
0xfc19, 0x445a, 0x447a, 0x95dc, 0xf7bf, 0xfc05, 0xffff, 0xe77e, 0x755b, 0xfc02, 0x445a, 0x753b, 0xef9f, 0xfc05, 0xffff, 0xe79f, 0x859c, 0xfc10, 0x445a, 0x755b, 0xfc04, 0xffff, 0xcf1e, 0x549a, 0xe79f, 0xfc04, 0xffff, 0x9e1c, 0xfc03, 0x445a, 0x755b, 0xfc04, 0xffff, 0xcf1e, 0xfc04, 0x445a, 0x859c, 0xfc05, 0xffff, 0x755b, 0xfc0d, 0x445a, 0x95dc, 0xfc05, 0xffff, 0x755b, 0xfc09, 0x445a, 0x755b, 0xfc04, 0xffff, 0xe79f, 0xfc0a, 0x445a, 0x9e1c, 0xfc04, 0xffff, 0xe79f, 0xfc04, 0x445a, 0x5cda, 0xfc05, 0xffff, 0x755b, 0xfc14, 0x445a, 0x5cda, 0xfc12, 0xffff, 0x95dc, 0xfc17, 0x445a, 
0xfc19, 0x445a, 0x6d1b, 0xd73e, 0xfc06, 0xffff, 0xef9f, 0x7d7b, 0xfc02, 0x445a, 0x7d5b, 0xefbf, 0xfc06, 0xffff, 0xd71e, 0x5cda, 0xfc0f, 0x445a, 0x755b, 0xfc04, 0xffff, 0xcf1e, 0x445a, 0x95dc, 0xfc04, 0xffff, 0xf7bf, 0x5cda, 0xfc02, 0x445a, 0x755b, 0xfc04, 0xffff, 0xcf1e, 0xfc04, 0x445a, 0x95dc, 0xfc05, 0xffff, 0x5cda, 0xfc0d, 0x445a, 0x859c, 0xfc05, 0xffff, 0x859c, 0xfc09, 0x445a, 0x755b, 0xfc04, 0xffff, 0xe79f, 0xfc0a, 0x445a, 0x9e1c, 0xfc04, 0xffff, 0xe79f, 0xfc04, 0x445a, 0x755b, 0xfc05, 0xffff, 0x755b, 0xfc14, 0x445a, 0x5cda, 0xfc12, 0xffff, 0x95dc, 0xfc17, 0x445a, 
0xfc18, 0x445a, 0x54ba, 0xb67d, 0xfc07, 0xffff, 0xf7bf, 0x859c, 0xfc02, 0x445a, 0x859c, 0xf7df, 0xfc06, 0xffff, 0xf7df, 0xae5d, 0x549a, 0xfc0e, 0x445a, 0x755b, 0xfc04, 0xffff, 0xcf1e, 0xfc02, 0x445a, 0xcf1e, 0xfc04, 0xffff, 0xb69d, 0xfc02, 0x445a, 0x755b, 0xfc04, 0xffff, 0xcf1e, 0xfc04, 0x445a, 0x95dc, 0xfc05, 0xffff, 0x5cda, 0xfc0d, 0x445a, 0x755b, 0xfc05, 0xffff, 0x95dc, 0xfc09, 0x445a, 0x755b, 0xfc04, 0xffff, 0xe79f, 0xfc0a, 0x445a, 0x9e1c, 0xfc04, 0xffff, 0xe79f, 0xfc04, 0x445a, 0x755b, 0xfc05, 0xffff, 0x755b, 0xfc14, 0x445a, 0x5cda, 0xfc12, 0xffff, 0x95dc, 0xfc17, 0x445a, 
0xfc18, 0x445a, 0x859c, 0xe79f, 0xfc07, 0xffff, 0xfc01, 0xffdf, 0x95dc, 0x445a, 0x4c7a, 0x95dc, 0xfc01, 0xffdf, 0xfc07, 0xffff, 0xefbf, 0x7d7b, 0xfc0e, 0x445a, 0x755b, 0xfc04, 0xffff, 0xcf1e, 0xfc02, 0x445a, 0x5cda, 0xfc05, 0xffff, 0x6d1b, 0x445a, 0x755b, 0xfc04, 0xffff, 0xcf1e, 0xfc04, 0x445a, 0x95dc, 0xfc05, 0xffff, 0x5cda, 0xfc0d, 0x445a, 0x95dc, 0xfc05, 0xffff, 0x859c, 0xfc09, 0x445a, 0x755b, 0xfc04, 0xffff, 0xe79f, 0xfc0a, 0x445a, 0x9e1c, 0xfc04, 0xffff, 0xe79f, 0xfc04, 0x445a, 0x755b, 0xfc05, 0xffff, 0x755b, 0xfc14, 0x445a, 0x5cda, 0xfc05, 0xffff, 0xfc25, 0x445a, 
0xfc17, 0x445a, 0x5cda, 0xd71e, 0xfc09, 0xffff, 0x9dfc, 0x445a, 0x4c9a, 0x9e1c, 0xfc09, 0xffff, 0xcefe, 0x5cda, 0xfc0d, 0x445a, 0x755b, 0xfc04, 0xffff, 0xcf1e, 0xfc03, 0x445a, 0x9e1c, 0xfc04, 0xffff, 0xcf1e, 0x445a, 0x755b, 0xfc04, 0xffff, 0xcf1e, 0xfc04, 0x445a, 0x859c, 0xfc05, 0xffff, 0x755b, 0xfc0d, 0x445a, 0x95dc, 0xfc05, 0xffff, 0x755b, 0xfc09, 0x445a, 0x755b, 0xfc04, 0xffff, 0xe79f, 0xfc0a, 0x445a, 0x9e1c, 0xfc04, 0xffff, 0xe79f, 0xfc04, 0x445a, 0x6d1b, 0xfc05, 0xffff, 0x859c, 0xfc14, 0x445a, 0x5cda, 0xfc05, 0xffff, 0xfc25, 0x445a, 
0xfc16, 0x445a, 0x4c9a, 0xa63d, 0xf7df, 0xfc09, 0xffff, 0xa63d, 0x445a, 0x549a, 0xae5d, 0xfc09, 0xffff, 0xf7df, 0x9e1c, 0x4c7a, 0xfc0c, 0x445a, 0x755b, 0xfc04, 0xffff, 0xcf1e, 0xfc03, 0x445a, 0x549a, 0xe79f, 0xfc04, 0xffff, 0x95dc, 0x755b, 0xfc04, 0xffff, 0xcf1e, 0xfc04, 0x445a, 0x6d1b, 0xfc05, 0xffff, 0x9e1c, 0xfc0d, 0x445a, 0xae5d, 0xfc05, 0xffff, 0x5cda, 0xfc09, 0x445a, 0x755b, 0xfc04, 0xffff, 0xe79f, 0xfc0a, 0x445a, 0x9e1c, 0xfc04, 0xffff, 0xe79f, 0xfc04, 0x445a, 0x549a, 0xfc05, 0xffff, 0x9e1c, 0xfc14, 0x445a, 0x5cda, 0xfc05, 0xffff, 0xfc25, 0x445a, 
0xfc15, 0x445a, 0x4c7a, 0x7d5b, 0xefbf, 0xfc0a, 0xffff, 0xae7d, 0x445a, 0x54ba, 0xb67d, 0xfc0a, 0xffff, 0xe77f, 0x7d5b, 0xfc0c, 0x445a, 0x755b, 0xfc04, 0xffff, 0xcf1e, 0xfc04, 0x445a, 0x859c, 0xfc04, 0xffff, 0xe79f, 0x755b, 0xfc04, 0xffff, 0xcf1e, 0xfc04, 0x445a, 0x549a, 0xfc05, 0xffff, 0xb69d, 0xfc0d, 0x445a, 0xdf5e, 0xfc04, 0xffff, 0xf7bf, 0xfc0a, 0x445a, 0x755b, 0xfc04, 0xffff, 0xe79f, 0xfc0a, 0x445a, 0x9e1c, 0xfc04, 0xffff, 0xe79f, 0xfc05, 0x445a, 0xe79f, 0xfc04, 0xffff, 0xae5d, 0xfc0b, 0x445a, 0x9e1c, 0xc6de, 0x859c, 0xfc06, 0x445a, 0x5cda, 0xfc05, 0xffff, 0xfc25, 0x445a, 
0xfc15, 0x445a, 0x64da, 0xcefe, 0xfc0b, 0xffff, 0xbebd, 0x4c9a, 0x54ba, 0xcefe, 0xfc0b, 0xffff, 0xbebd, 0x54ba, 0xfc0b, 0x445a, 0x755b, 0xfc04, 0xffff, 0xcf1e, 0xfc05, 0x445a, 0xcf1e, 0xfc04, 0xffff, 0xcf1e, 0xfc04, 0xffff, 0xcf1e, 0xfc05, 0x445a, 0xdf5e, 0xfc04, 0xffff, 0xf7bf, 0x549a, 0xfc0b, 0x445a, 0x5cda, 0xfc05, 0xffff, 0xc6de, 0xfc0a, 0x445a, 0x755b, 0xfc04, 0xffff, 0xe79f, 0xfc0a, 0x445a, 0x9e1c, 0xfc04, 0xffff, 0xe79f, 0xfc05, 0x445a, 0xb69d, 0xfc04, 0xffff, 0xe79f, 0xfc0b, 0x445a, 0xc6de, 0xfc02, 0xffff, 0xf7bf, 0x9e1c, 0x5cda, 0xfc03, 0x445a, 0x5cda, 0xfc05, 0xffff, 0xfc25, 0x445a, 
0xfc14, 0x445a, 0x4c9a, 0x95fc, 0xfc0c, 0xffff, 0xe77f, 0x95dc, 0x8ddc, 0xefbf, 0xfc0b, 0xffff, 0xf7bf, 0x95fc, 0xfc0b, 0x445a, 0x755b, 0xfc04, 0xffff, 0xcf1e, 0xfc05, 0x445a, 0x5cda, 0xfc09, 0xffff, 0xcf1e, 0xfc05, 0x445a, 0x9e1c, 0xfc05, 0xffff, 0x9e1c, 0xfc0b, 0x445a, 0xb69d, 0xfc05, 0xffff, 0x859c, 0xfc0a, 0x445a, 0x755b, 0xfc04, 0xffff, 0xe79f, 0xfc0a, 0x445a, 0x9e1c, 0xfc04, 0xffff, 0xe79f, 0xfc05, 0x445a, 0x859c, 0xfc05, 0xffff, 0x755b, 0xfc09, 0x445a, 0x5cda, 0xfc05, 0xffff, 0xc6de, 0xfc03, 0x445a, 0x5cda, 0xfc05, 0xffff, 0xfc25, 0x445a, 
0xfc14, 0x445a, 0x755b, 0xdf5e, 0xfc0d, 0xffff, 0xf7df, 0xef9f, 0xfc0d, 0xffff, 0xd73e, 0x6d1b, 0xfc0a, 0x445a, 0x755b, 0xfc04, 0xffff, 0xcf1e, 0xfc06, 0x445a, 0x9e1c, 0xfc08, 0xffff, 0xcf1e, 0xfc05, 0x445a, 0x549a, 0xf7bf, 0xfc04, 0xffff, 0xf7bf, 0x6d1b, 0xfc09, 0x445a, 0x755b, 0xfc05, 0xffff, 0xe79f, 0xfc0b, 0x445a, 0x755b, 0xfc04, 0xffff, 0xe79f, 0xfc0a, 0x445a, 0x9e1c, 0xfc04, 0xffff, 0xe79f, 0xfc06, 0x445a, 0xe79f, 0xfc04, 0xffff, 0xdf5e, 0xfc09, 0x445a, 0xb69d, 0xfc05, 0xffff, 0x859c, 0xfc03, 0x445a, 0x5cda, 0xfc05, 0xffff, 0xfc25, 0x445a, 
0xfc13, 0x445a, 0x54ba, 0xb69d, 0xfc0d, 0xffff, 0xef9f, 0xfc02, 0xcefe, 0xefbf, 0xfc0d, 0xffff, 0xb69d, 0x549a, 0xfc09, 0x445a, 0x755b, 0xfc04, 0xffff, 0xcf1e, 0xfc06, 0x445a, 0x549a, 0xe79f, 0xfc07, 0xffff, 0xcf1e, 0xfc06, 0x445a, 0x9e1c, 0xfc05, 0xffff, 0xf7bf, 0x755b, 0xfc07, 0x445a, 0x859c, 0xfc06, 0xffff, 0x95dc, 0xfc0b, 0x445a, 0x755b, 0xfc04, 0xffff, 0xe79f, 0xfc0a, 0x445a, 0x9e1c, 0xfc04, 0xffff, 0xe79f, 0xfc06, 0x445a, 0x859c, 0xfc05, 0xffff, 0xcf1e, 0xfc07, 0x445a, 0x9e1c, 0xfc05, 0xffff, 0xe79f, 0xfc04, 0x445a, 0x5cda, 0xfc05, 0xffff, 0xfc25, 0x445a, 
0xfc13, 0x445a, 0x95fc, 0xf7df, 0xfc0c, 0xffff, 0xf7df, 0x9dfc, 0x54ba, 0x5cba, 0x9dfc, 0xf7df, 0xfc0c, 0xffff, 0xf7bf, 0x95dc, 0x4c7a, 0xfc08, 0x445a, 0x755b, 0xfc04, 0xffff, 0xcf1e, 0xfc07, 0x445a, 0x859c, 0xfc07, 0xffff, 0xcf1e, 0xfc07, 0x445a, 0xc6de, 0xfc06, 0xffff, 0xb69d, 0x755b, 0xfc03, 0x445a, 0x859c, 0xc6de, 0xfc06, 0xffff, 0xc6de, 0xfc0c, 0x445a, 0x755b, 0xfc04, 0xffff, 0xe79f, 0xfc0a, 0x445a, 0x9e1c, 0xfc04, 0xffff, 0xe79f, 0xfc07, 0x445a, 0xc6de, 0xfc05, 0xffff, 0xe79f, 0x9e1c, 0xfc03, 0x445a, 0x755b, 0xc6de, 0xfc06, 0xffff, 0x755b, 0xfc04, 0x445a, 0x5cda, 0xfc05, 0xffff, 0xfc25, 0x445a, 
0xfc11, 0x445a, 0x4c7a, 0x6d3b, 0xd73e, 0xfc0d, 0xffff, 0xe77f, 0x755b, 0xfc02, 0x445a, 0x6d1b, 0xef9f, 0xfc0d, 0xffff, 0xd71e, 0x7d7b, 0xfc08, 0x445a, 0x755b, 0xfc04, 0xffff, 0xcf1e, 0xfc08, 0x445a, 0xc6de, 0xfc06, 0xffff, 0xcf1e, 0xfc07, 0x445a, 0x549a, 0xdf5e, 0xfc11, 0xffff, 0xcf1e, 0xfc0d, 0x445a, 0x755b, 0xfc04, 0xffff, 0xe79f, 0xfc0a, 0x445a, 0x9e1c, 0xfc04, 0xffff, 0xe79f, 0xfc08, 0x445a, 0xcf1e, 0xfc10, 0xffff, 0x9e1c, 0xfc05, 0x445a, 0x5cda, 0xfc13, 0xffff, 0xe79f, 0xfc16, 0x445a, 
0xfc11, 0x445a, 0x64fb, 0xb69d, 0xfc01, 0xffdf, 0xfc0d, 0xffff, 0xf7df, 0x9e1c, 0x447a, 0x4c9a, 0xa63d, 0xf7df, 0xfc0d, 0xffff, 0xf7df, 0xdf5e, 0xfc08, 0x445a, 0x755b, 0xfc04, 0xffff, 0xcf1e, 0xfc08, 0x445a, 0x5cda, 0xfc06, 0xffff, 0xcf1e, 0xfc09, 0x445a, 0xc6de, 0xfc0f, 0xffff, 0xb69d, 0xfc0e, 0x445a, 0x755b, 0xfc04, 0xffff, 0xe79f, 0xfc0a, 0x445a, 0x9e1c, 0xfc04, 0xffff, 0xe79f, 0xfc09, 0x445a, 0xc6de, 0xfc0e, 0xffff, 0x9e1c, 0xfc06, 0x445a, 0x5cda, 0xfc13, 0xffff, 0xe79f, 0xfc16, 0x445a, 
0xfc11, 0x445a, 0xb67d, 0xefbf, 0xfc0f, 0xffff, 0xe79f, 0xfc02, 0xc6de, 0xefbf, 0xfc10, 0xffff, 0xfc08, 0x445a, 0x755b, 0xfc04, 0xffff, 0xcf1e, 0xfc09, 0x445a, 0x9e1c, 0xfc05, 0xffff, 0xcf1e, 0xfc0a, 0x445a, 0x859c, 0xe79f, 0xfc0b, 0xffff, 0xdf5e, 0x755b, 0xfc0f, 0x445a, 0x755b, 0xfc04, 0xffff, 0xe79f, 0xfc0a, 0x445a, 0x9e1c, 0xfc04, 0xffff, 0xe79f, 0xfc0a, 0x445a, 0x859c, 0xe79f, 0xfc0a, 0xffff, 0xdf5e, 0x755b, 0xfc07, 0x445a, 0x5cda, 0xfc13, 0xffff, 0xe79f, 0xfc16, 0x445a, 
0xfc11, 0x445a, 0xd73e, 0xfc24, 0xffff, 0xfc08, 0x445a, 0x755b, 0xfc04, 0xffff, 0xcf1e, 0xfc0a, 0x445a, 0xe79f, 0xfc04, 0xffff, 0xcf1e, 0xfc0c, 0x445a, 0x6d1b, 0x9e1c, 0xcf1e, 0xfc05, 0xffff, 0xc6de, 0x9e1c, 0x6d1b, 0xfc11, 0x445a, 0x755b, 0xfc04, 0xffff, 0xe79f, 0xfc0a, 0x445a, 0x9e1c, 0xfc04, 0xffff, 0xe79f, 0xfc0c, 0x445a, 0x859c, 0x9e1c, 0xf7bf, 0xfc04, 0xffff, 0xdf5e, 0x9e1c, 0x755b, 0xfc09, 0x445a, 0x5cda, 0xfc13, 0xffff, 0xe79f, 0xfc16, 0x445a, 
0xfc11, 0x445a, 0xb69d, 0xe77f, 0xf7df, 0xfc0e, 0xefbf, 0xf7bf, 0xf7df, 0xf7bf, 0xfc0f, 0xefbf, 0xfc02, 0xf7df, 0xfca6, 0x445a, 
0xfcdc, 0x445a, 
0xfcdc, 0x445a, 
0xfcdc, 0x445a, 
0xfcdc, 0x445a, 
0xfcdc, 0x445a, 
0xfcdc, 0x445a, 
0xfcdc, 0xb69d, 
0xfcdc, 0xffff, 
0xfcdc, 0xffff, 
0xfcdc, 0xffff, 
0xfcdc, 0xffff, 
0xfcdc, 0xffff, 
0xfc0c, 0xffff, 0xdefb, 0x632c, 0xfc03, 0x0000, 0x2104, 0x8c51, 0xfc0d, 0xffff, 0xad55, 0x1082, 0xfc02, 0x0000, 0x8c51, 0xfc0a, 0xffff, 0xad55, 0x4228, 0xdefb, 0xfc10, 0xffff, 0xfc02, 0x0000, 0xbdd7, 0xfc2f, 0xffff, 0xef7d, 0x8c51, 0x632c, 0xfc2c, 0xffff, 0x8c51, 0x0000, 0x4228, 0xfc13, 0xffff, 0xfc02, 0x0000, 0xbdd7, 0xfc02, 0xffff, 0x8c51, 0x4228, 0xfc0c, 0xffff, 0xbdd7, 0xfc02, 0x0000, 0xbdd7, 0xfc0c, 0xffff, 
0xfc0b, 0xffff, 0xdefb, 0x1082, 0xfc06, 0x0000, 0x52aa, 0xfc0c, 0xffff, 0x1082, 0xfc03, 0x0000, 0x8c51, 0xfc09, 0xffff, 0xdefb, 0xfc02, 0x0000, 0xdefb, 0xfc10, 0xffff, 0xfc02, 0x0000, 0xbdd7, 0xfc2f, 0xffff, 0x632c, 0x0000, 0x632c, 0xfc2c, 0xffff, 0x8c51, 0x0000, 0x4228, 0xfc13, 0xffff, 0xfc02, 0x0000, 0xbdd7, 0xfc01, 0xffff, 0x9cd3, 0x0000, 0x2104, 0xfc0c, 0xffff, 0xbdd7, 0xfc02, 0x0000, 0xbdd7, 0xfc0c, 0xffff, 
0xfc0b, 0xffff, 0x73ae, 0xfc02, 0x0000, 0xbdd7, 0xfc02, 0xffff, 0x4228, 0xfc02, 0x0000, 0xef7d, 0xfc0b, 0xffff, 0xfc02, 0x0000, 0x9cd3, 0xfc0b, 0xffff, 0xdefb, 0xfc02, 0x0000, 0xdefb, 0xfc42, 0xffff, 0x632c, 0x0000, 0x632c, 0xfc46, 0xffff, 0x9cd3, 0x0000, 0x2104, 0xfc0c, 0xffff, 0xbdd7, 0xfc02, 0x0000, 0xbdd7, 0xfc0c, 0xffff, 
0xfc0b, 0xffff, 0x4228, 0x0000, 0x2104, 0xfc09, 0xffff, 0xad55, 0x2104, 0xfc02, 0x0000, 0x1082, 0x9cd3, 0xfc01, 0xffff, 0xbdd7, 0xfc05, 0x0000, 0xfc02, 0xffff, 0xad55, 0x2104, 0xfc02, 0x0000, 0x73ae, 0xfc02, 0xffff, 0xbdd7, 0xfc04, 0x0000, 0x4228, 0x2104, 0x0000, 0x8c51, 0xfc03, 0xffff, 0xad55, 0xfc02, 0x0000, 0xdefb, 0xfc05, 0xffff, 0xfc02, 0x0000, 0xbdd7, 0xfc02, 0xffff, 0x8c51, 0x1082, 0xfc02, 0x0000, 0x3186, 0xad55, 0xfc08, 0xffff, 0xef7d, 0x73ae, 0xfc03, 0x0000, 0x8c51, 0xfc03, 0xffff, 0x9cd3, 0xfc02, 0x0000, 0xfc03, 0xffff, 0x632c, 0x0000, 0x4228, 0xfc02, 0xffff, 0x2104, 0x0000, 0x8c51, 0x2104, 0x0000, 0x8c51, 0xfc04, 0xffff, 0x4228, 0xfc04, 0x0000, 0xbdd7, 0xfc02, 0xffff, 0x8c51, 0x1082, 0xfc02, 0x0000, 0x632c, 0xdefb, 0xfc02, 0xffff, 0xdefb, 0xfc02, 0x0000, 0x9cd3, 0x4228, 0xfc02, 0x0000, 0x8c51, 0xfc07, 0xffff, 0x9cd3, 0xfc02, 0x0000, 0xbdd7, 0x2104, 0x0000, 0x1082, 0xad55, 0xfc03, 0xffff, 0x2104, 0x0000, 0x8c51, 0x2104, 0x0000, 0xfc02, 0x8c51, 0x0000, 0x4228, 0xfc03, 0xffff, 0xce79, 0x52aa, 0xfc02, 0x0000, 0x2104, 0x9cd3, 0xfc03, 0xffff, 0x632c, 0x0000, 0x632c, 0x4228, 0x0000, 0x4228, 0xfc01, 0xffff, 0xfc02, 0x0000, 0xbdd7, 0x8c51, 0xfc04, 0x0000, 0x8c51, 0xfc02, 0x0000, 0xbdd7, 0xfc03, 0xffff, 0x73ae, 0x0000, 0x2104, 0xfc01, 0xffff, 0xdefb, 0xfc02, 0x0000, 0xdefb, 0xfc0c, 0xffff, 
0xfc0b, 0xffff, 0x52aa, 0xfc02, 0x0000, 0x632c, 0xfc07, 0xffff, 0xbdd7, 0xfc06, 0x0000, 0x9cd3, 0xbdd7, 0xfc05, 0x0000, 0xfc01, 0xffff, 0x8c51, 0xfc05, 0x0000, 0x52aa, 0xfc01, 0xffff, 0xbdd7, 0xfc04, 0x0000, 0x4228, 0x73ae, 0x0000, 0x3186, 0xfc03, 0xffff, 0x73ae, 0x0000, 0x3186, 0xfc06, 0xffff, 0xfc02, 0x0000, 0xbdd7, 0xfc01, 0xffff, 0x8c51, 0xfc06, 0x0000, 0xce79, 0xfc06, 0xffff, 0xef7d, 0x3186, 0xfc05, 0x0000, 0x3186, 0xfc02, 0xffff, 0x9cd3, 0xfc02, 0x0000, 0xfc03, 0xffff, 0x632c, 0x0000, 0x4228, 0xfc02, 0xffff, 0x2104, 0xfc04, 0x0000, 0x8c51, 0xfc04, 0xffff, 0x4228, 0xfc04, 0x0000, 0xbdd7, 0xfc01, 0xffff, 0x632c, 0xfc05, 0x0000, 0x1082, 0xdefb, 0xfc01, 0xffff, 0xdefb, 0xfc07, 0x0000, 0x73ae, 0xfc06, 0xffff, 0x9cd3, 0xfc07, 0x0000, 0xad55, 0xfc02, 0xffff, 0x2104, 0xfc04, 0x0000, 0xfc02, 0x8c51, 0x0000, 0x4228, 0xfc02, 0xffff, 0xce79, 0x1082, 0xfc05, 0x0000, 0x73ae, 0xfc02, 0xffff, 0x632c, 0xfc04, 0x0000, 0x52aa, 0xfc01, 0xffff, 0xfc02, 0x0000, 0xbdd7, 0x8c51, 0xfc04, 0x0000, 0x8c51, 0x3186, 0x0000, 0x73ae, 0xfc03, 0xffff, 0x3186, 0x0000, 0x73ae, 0xfc01, 0xffff, 0xef7d, 0xfc02, 0x0000, 0xef7d, 0xfc0c, 0xffff, 
0xfc0b, 0xffff, 0xce79, 0xfc04, 0x0000, 0x73ae, 0xdefb, 0xfc04, 0xffff, 0x52aa, 0x0000, 0x73ae, 0xfc02, 0xffff, 0x2104, 0x0000, 0x632c, 0xfc02, 0xffff, 0xfc02, 0x0000, 0x9cd3, 0xfc01, 0xffff, 0xef7d, 0x1082, 0x0000, 0x8c51, 0xfc01, 0xffff, 0xce79, 0x1082, 0x0000, 0xad55, 0xfc01, 0xffff, 0xdefb, 0xfc02, 0x0000, 0xdefb, 0xfc01, 0xffff, 0xce79, 0xfc02, 0x0000, 0xdefb, 0xfc02, 0xffff, 0x1082, 0x0000, 0x8c51, 0xfc06, 0xffff, 0xfc02, 0x0000, 0xbdd7, 0xfc01, 0xffff, 0x3186, 0x0000, 0x632c, 0xfc02, 0xffff, 0x3186, 0x0000, 0x52aa, 0xfc06, 0xffff, 0x8c51, 0xfc02, 0x0000, 0xbdd7, 0xfc01, 0xffff, 0xad55, 0xfc02, 0x0000, 0x8c51, 0xfc01, 0xffff, 0x9cd3, 0xfc02, 0x0000, 0xfc03, 0xffff, 0x632c, 0x0000, 0x4228, 0xfc02, 0xffff, 0x2104, 0x0000, 0x1082, 0xdefb, 0xef7d, 0xdefb, 0xfc05, 0xffff, 0x632c, 0x0000, 0x632c, 0xfc02, 0xffff, 0xbdd7, 0xfc02, 0x0000, 0x8c51, 0xfc01, 0xffff, 0xce79, 0x2104, 0x0000, 0x4228, 0xfc01, 0xffff, 0xdefb, 0xfc02, 0x0000, 0x2104, 0xdefb, 0xfc01, 0xffff, 0x52aa, 0xfc02, 0x0000, 0xef7d, 0xfc05, 0xffff, 0x9cd3, 0xfc02, 0x0000, 0x4228, 0xfc01, 0xffff, 0xdefb, 0x3186, 0x0000, 0x3186, 0xfc02, 0xffff, 0x2104, 0x0000, 0x1082, 0xdefb, 0xef7d, 0xdefb, 0x8c51, 0x0000, 0x4228, 0xfc02, 0xffff, 0x4228, 0x0000, 0x2104, 0xdefb, 0xfc01, 0xffff, 0x73ae, 0xfc02, 0x0000, 0xbdd7, 0xfc01, 0xffff, 0x632c, 0xfc02, 0x0000, 0xad55, 0xfc01, 0xffff, 0xce79, 0xfc01, 0xffff, 0xfc02, 0x0000, 0xbdd7, 0xfc01, 0xffff, 0x9cd3, 0x0000, 0x2104, 0xfc02, 0xffff, 0x8c51, 0x0000, 0x2104, 0xfc02, 0xffff, 0xce79, 0xfc02, 0x0000, 0xce79, 0xfc02, 0xffff, 0x1082, 0x0000, 0xfc0d, 0xffff, 
0xfc0c, 0xffff, 0xad55, 0x1082, 0xfc04, 0x0000, 0x52aa, 0xdefb, 0xfc04, 0xffff, 0xce79, 0x8c51, 0x52aa, 0xfc02, 0x0000, 0x632c, 0xfc02, 0xffff, 0xfc02, 0x0000, 0x9cd3, 0xfc01, 0xffff, 0xad55, 0xfc02, 0x0000, 0xfc03, 0xffff, 0x632c, 0x0000, 0x73ae, 0xfc01, 0xffff, 0xdefb, 0xfc02, 0x0000, 0xdefb, 0xfc02, 0xffff, 0x3186, 0x0000, 0x8c51, 0xfc01, 0xffff, 0xbdd7, 0xfc02, 0x0000, 0xef7d, 0xfc06, 0xffff, 0xfc02, 0x0000, 0xbdd7, 0xfc01, 0xffff, 0x3186, 0x0000, 0x1082, 0x8c51, 0xce79, 0xfc09, 0xffff, 0x1082, 0x0000, 0x73ae, 0xfc03, 0xffff, 0x632c, 0x0000, 0x3186, 0xfc01, 0xffff, 0x9cd3, 0xfc02, 0x0000, 0xfc03, 0xffff, 0x632c, 0x0000, 0x4228, 0xfc02, 0xffff, 0x2104, 0x0000, 0x73ae, 0xfc08, 0xffff, 0x632c, 0x0000, 0x632c, 0xfc02, 0xffff, 0x52aa, 0x0000, 0x3186, 0xfc03, 0xffff, 0x9cd3, 0xfc02, 0x0000, 0xef7d, 0xdefb, 0xfc02, 0x0000, 0xad55, 0xfc02, 0xffff, 0xef7d, 0xfc02, 0x0000, 0xad55, 0xfc05, 0xffff, 0x9cd3, 0xfc02, 0x0000, 0xef7d, 0xfc02, 0xffff, 0xad55, 0xfc02, 0x0000, 0xef7d, 0xfc01, 0xffff, 0x2104, 0x0000, 0x73ae, 0xfc03, 0xffff, 0x8c51, 0x0000, 0x4228, 0xfc01, 0xffff, 0xce79, 0xfc02, 0x0000, 0xad55, 0xfc03, 0xffff, 0x2104, 0x0000, 0x73ae, 0xfc01, 0xffff, 0x632c, 0x0000, 0x3186, 0xfc04, 0xffff, 0xfc02, 0x0000, 0xbdd7, 0xfc01, 0xffff, 0x9cd3, 0x0000, 0x2104, 0xfc02, 0xffff, 0xef7d, 0xfc02, 0x0000, 0xce79, 0xfc01, 0xffff, 0x8c51, 0x0000, 0x3186, 0xfc03, 0xffff, 0xfc02, 0x2104, 0xfc0d, 0xffff, 
0xfc0e, 0xffff, 0x8c51, 0x1082, 0xfc03, 0x0000, 0x1082, 0xdefb, 0xfc01, 0xffff, 0xce79, 0x2104, 0xfc05, 0x0000, 0x632c, 0xfc02, 0xffff, 0xfc02, 0x0000, 0x9cd3, 0xfc01, 0xffff, 0x8c51, 0xfc07, 0x0000, 0x4228, 0xfc01, 0xffff, 0xdefb, 0xfc02, 0x0000, 0xdefb, 0xfc02, 0xffff, 0x8c51, 0x0000, 0x3186, 0xfc01, 0xffff, 0x73ae, 0x0000, 0x4228, 0xfc07, 0xffff, 0xfc02, 0x0000, 0xbdd7, 0xfc01, 0xffff, 0xad55, 0xfc05, 0x0000, 0x73ae, 0xef7d, 0xfc05, 0xffff, 0xef7d, 0xfc02, 0x0000, 0x9cd3, 0xfc03, 0xffff, 0x9cd3, 0xfc02, 0x0000, 0xfc01, 0xffff, 0x9cd3, 0xfc02, 0x0000, 0xfc03, 0xffff, 0x632c, 0x0000, 0x4228, 0xfc02, 0xffff, 0x2104, 0x0000, 0x8c51, 0xfc08, 0xffff, 0x632c, 0x0000, 0x632c, 0xfc02, 0xffff, 0x3186, 0x0000, 0x632c, 0xfc03, 0xffff, 0xdefb, 0xfc02, 0x0000, 0xbdd7, 0xdefb, 0xfc02, 0x0000, 0xdefb, 0xfc03, 0xffff, 0x2104, 0x0000, 0x8c51, 0xfc05, 0xffff, 0x9cd3, 0x0000, 0x2104, 0xfc03, 0xffff, 0xdefb, 0xfc02, 0x0000, 0xbdd7, 0xfc01, 0xffff, 0x2104, 0x0000, 0x8c51, 0xfc03, 0xffff, 0x8c51, 0x0000, 0x4228, 0xfc01, 0xffff, 0xad55, 0xfc02, 0x0000, 0xdefb, 0xfc03, 0xffff, 0x632c, 0x0000, 0x4228, 0xfc01, 0xffff, 0x632c, 0x0000, 0x52aa, 0xfc04, 0xffff, 0xfc02, 0x0000, 0xbdd7, 0xfc01, 0xffff, 0x9cd3, 0x0000, 0x2104, 0xfc03, 0xffff, 0x4228, 0x0000, 0x73ae, 0xfc01, 0xffff, 0x3186, 0x0000, 0x8c51, 0xfc03, 0xffff, 0xfc02, 0x4228, 0xfc0d, 0xffff, 
0xfc10, 0xffff, 0xad55, 0x4228, 0xfc02, 0x0000, 0x73ae, 0xfc01, 0xffff, 0x2104, 0x0000, 0x2104, 0x8c51, 0xce79, 0x4228, 0x0000, 0x632c, 0xfc02, 0xffff, 0xfc02, 0x0000, 0x9cd3, 0xfc01, 0xffff, 0x8c51, 0xfc07, 0x0000, 0x2104, 0xfc01, 0xffff, 0xdefb, 0xfc02, 0x0000, 0xdefb, 0xfc02, 0xffff, 0xdefb, 0xfc02, 0x0000, 0xef7d, 0x2104, 0x0000, 0x8c51, 0xfc07, 0xffff, 0xfc02, 0x0000, 0xbdd7, 0xfc02, 0xffff, 0xbdd7, 0x73ae, 0xfc04, 0x0000, 0x3186, 0xfc05, 0xffff, 0xef7d, 0xfc02, 0x0000, 0x9cd3, 0xfc03, 0xffff, 0x9cd3, 0xfc02, 0x0000, 0xfc01, 0xffff, 0x9cd3, 0xfc02, 0x0000, 0xfc03, 0xffff, 0x632c, 0x0000, 0x4228, 0xfc02, 0xffff, 0x2104, 0x0000, 0x9cd3, 0xfc08, 0xffff, 0x632c, 0x0000, 0x632c, 0xfc02, 0xffff, 0x3186, 0x0000, 0x632c, 0xfc03, 0xffff, 0xdefb, 0xfc02, 0x0000, 0xbdd7, 0xdefb, 0xfc02, 0x0000, 0xce79, 0xfc03, 0xffff, 0x2104, 0x0000, 0x8c51, 0xfc05, 0xffff, 0x9cd3, 0x0000, 0x1082, 0xfc03, 0xffff, 0xdefb, 0xfc02, 0x0000, 0xce79, 0xfc01, 0xffff, 0x2104, 0x0000, 0x9cd3, 0xfc03, 0xffff, 0x8c51, 0x0000, 0x4228, 0xfc01, 0xffff, 0xad55, 0xfc02, 0x0000, 0xdefb, 0xfc03, 0xffff, 0x632c, 0x0000, 0x4228, 0xfc01, 0xffff, 0x632c, 0x0000, 0x632c, 0xfc04, 0xffff, 0xfc02, 0x0000, 0xbdd7, 0xfc01, 0xffff, 0x9cd3, 0x0000, 0x2104, 0xfc03, 0xffff, 0x9cd3, 0x0000, 0x3186, 0xdefb, 0xfc02, 0x0000, 0xce79, 0xfc03, 0xffff, 0xfc02, 0x52aa, 0xfc0d, 0xffff, 
0xfc12, 0xffff, 0xfc02, 0x0000, 0x632c, 0xdefb, 0xfc02, 0x0000, 0xad55, 0xfc02, 0xffff, 0x3186, 0x0000, 0x632c, 0xfc02, 0xffff, 0xfc02, 0x0000, 0x9cd3, 0xfc01, 0xffff, 0xad55, 0xfc02, 0x0000, 0xfc07, 0xffff, 0xdefb, 0xfc02, 0x0000, 0xdefb, 0xfc03, 0xffff, 0x3186, 0x0000, 0x632c, 0xfc02, 0x0000, 0xef7d, 0xfc07, 0xffff, 0xfc02, 0x0000, 0xbdd7, 0xfc05, 0xffff, 0xef7d, 0x632c, 0xfc02, 0x0000, 0xdefb, 0xfc05, 0xffff, 0x1082, 0x0000, 0x73ae, 0xfc03, 0xffff, 0x632c, 0x0000, 0x3186, 0xfc01, 0xffff, 0xbdd7, 0xfc02, 0x0000, 0xfc03, 0xffff, 0x52aa, 0x0000, 0x4228, 0xfc02, 0xffff, 0x2104, 0x0000, 0x9cd3, 0xfc08, 0xffff, 0x632c, 0x0000, 0x632c, 0xfc02, 0xffff, 0x52aa, 0x0000, 0x3186, 0xfc03, 0xffff, 0x9cd3, 0xfc02, 0x0000, 0xef7d, 0xdefb, 0xfc02, 0x0000, 0x9cd3, 0xfc02, 0xffff, 0xef7d, 0xfc02, 0x0000, 0xad55, 0xfc05, 0xffff, 0x9cd3, 0xfc02, 0x0000, 0xdefb, 0xfc02, 0xffff, 0xad55, 0xfc02, 0x0000, 0xef7d, 0xfc01, 0xffff, 0x2104, 0x0000, 0x9cd3, 0xfc03, 0xffff, 0x8c51, 0x0000, 0x4228, 0xfc01, 0xffff, 0xce79, 0xfc02, 0x0000, 0xad55, 0xfc03, 0xffff, 0x2104, 0x0000, 0x73ae, 0xfc01, 0xffff, 0x632c, 0x0000, 0x632c, 0xfc04, 0xffff, 0xfc02, 0x0000, 0xbdd7, 0xfc01, 0xffff, 0x9cd3, 0x0000, 0x2104, 0xfc03, 0xffff, 0xef7d, 0xfc02, 0x0000, 0x632c, 0x0000, 0x3186, 0xfc13, 0xffff, 
0xfc0a, 0xffff, 0xdefb, 0xfc02, 0x0000, 0x4228, 0xef7d, 0xfc02, 0xffff, 0x8c51, 0xfc02, 0x0000, 0x8c51, 0xdefb, 0xfc02, 0x0000, 0x73ae, 0xfc01, 0xffff, 0x9cd3, 0xfc02, 0x0000, 0x632c, 0xfc02, 0xffff, 0xfc02, 0x0000, 0x9cd3, 0xfc01, 0xffff, 0xef7d, 0x1082, 0x0000, 0x73ae, 0xfc06, 0xffff, 0xdefb, 0xfc02, 0x0000, 0xce79, 0xfc03, 0xffff, 0x8c51, 0xfc03, 0x0000, 0x52aa, 0xfc08, 0xffff, 0xfc02, 0x0000, 0xbdd7, 0xef7d, 0x1082, 0x0000, 0x73ae, 0xfc02, 0xffff, 0x8c51, 0xfc02, 0x0000, 0xef7d, 0xfc05, 0xffff, 0x73ae, 0xfc02, 0x0000, 0xbdd7, 0xfc01, 0xffff, 0xad55, 0xfc02, 0x0000, 0x8c51, 0xfc01, 0xffff, 0xce79, 0xfc02, 0x0000, 0x8c51, 0xfc01, 0xffff, 0xad55, 0xfc02, 0x0000, 0x4228, 0xfc02, 0xffff, 0x2104, 0x0000, 0x9cd3, 0xfc08, 0xffff, 0x632c, 0x0000, 0x52aa, 0xfc02, 0xffff, 0xad55, 0xfc02, 0x0000, 0x8c51, 0xfc01, 0xffff, 0xce79, 0x2104, 0x0000, 0x4228, 0xfc01, 0xffff, 0xdefb, 0xfc02, 0x0000, 0x2104, 0xdefb, 0xfc01, 0xffff, 0x632c, 0xfc02, 0x0000, 0xef7d, 0xfc05, 0xffff, 0x9cd3, 0xfc02, 0x0000, 0x4228, 0xfc01, 0xffff, 0xef7d, 0x3186, 0x0000, 0x3186, 0xfc02, 0xffff, 0x2104, 0x0000, 0x9cd3, 0xfc03, 0xffff, 0x8c51, 0x0000, 0x4228, 0xfc02, 0xffff, 0x3186, 0x0000, 0x2104, 0xdefb, 0xfc01, 0xffff, 0x73ae, 0xfc02, 0x0000, 0xbdd7, 0xfc01, 0xffff, 0x632c, 0x0000, 0x632c, 0xfc04, 0xffff, 0xfc02, 0x0000, 0xbdd7, 0xfc01, 0xffff, 0x9cd3, 0x0000, 0x1082, 0xfc04, 0xffff, 0x52aa, 0xfc03, 0x0000, 0x8c51, 0xfc03, 0xffff, 0xdefb, 0xfc02, 0x0000, 0xbdd7, 0xfc0c, 0xffff, 
0xfc0b, 0xffff, 0x73ae, 0xfc07, 0x0000, 0x2104, 0xef7d, 0xfc01, 0xffff, 0x4228, 0xfc04, 0x0000, 0x1082, 0x0000, 0x52aa, 0xfc02, 0xffff, 0xfc02, 0x0000, 0x9cd3, 0xfc02, 0xffff, 0x8c51, 0xfc06, 0x0000, 0xad55, 0xfc01, 0xffff, 0xef7d, 0xfc03, 0x0000, 0x2104, 0xfc02, 0xffff, 0xef7d, 0xfc03, 0x0000, 0x9cd3, 0xfc08, 0xffff, 0xfc02, 0x0000, 0xbdd7, 0xfc01, 0xffff, 0x8c51, 0xfc06, 0x0000, 0x73ae, 0xfc06, 0xffff, 0xef7d, 0x2104, 0xfc05, 0x0000, 0x4228, 0xfc03, 0xffff, 0x2104, 0xfc06, 0x0000, 0x4228, 0xfc02, 0xffff, 0x2104, 0x0000, 0x9cd3, 0xfc08, 0xffff, 0x73ae, 0xfc03, 0x0000, 0x9cd3, 0xfc01, 0xffff, 0x52aa, 0xfc05, 0x0000, 0x2104, 0xdefb, 0xfc01, 0xffff, 0xdefb, 0xfc07, 0x0000, 0x73ae, 0xfc06, 0xffff, 0x9cd3, 0xfc07, 0x0000, 0xad55, 0xfc02, 0xffff, 0x2104, 0x0000, 0x9cd3, 0xfc03, 0xffff, 0x8c51, 0x0000, 0x4228, 0xfc02, 0xffff, 0xce79, 0xfc06, 0x0000, 0x8c51, 0xfc02, 0xffff, 0x632c, 0x0000, 0x632c, 0xfc04, 0xffff, 0xfc02, 0x0000, 0xbdd7, 0xfc01, 0xffff, 0xad55, 0xfc03, 0x0000, 0x632c, 0xfc02, 0xffff, 0xad55, 0xfc03, 0x0000, 0xdefb, 0xfc03, 0xffff, 0xdefb, 0xfc02, 0x0000, 0xbdd7, 0xfc0c, 0xffff, 
0xfc0c, 0xffff, 0x9cd3, 0x4228, 0xfc03, 0x0000, 0x1082, 0x8c51, 0xef7d, 0xfc02, 0xffff, 0xdefb, 0x4228, 0xfc02, 0x0000, 0x8c51, 0xad55, 0x0000, 0x1082, 0xef7d, 0xfc01, 0xffff, 0xfc02, 0x0000, 0x9cd3, 0xfc03, 0xffff, 0x9cd3, 0x2104, 0xfc02, 0x0000, 0x3186, 0xad55, 0xfc03, 0xffff, 0x9cd3, 0xfc02, 0x0000, 0x4228, 0xfc03, 0xffff, 0x4228, 0xfc02, 0x0000, 0xef7d, 0xfc08, 0xffff, 0xfc02, 0x0000, 0xbdd7, 0xfc02, 0xffff, 0x9cd3, 0x3186, 0xfc02, 0x0000, 0x1082, 0x8c51, 0xfc08, 0xffff, 0xef7d, 0x8c51, 0xfc03, 0x0000, 0x8c51, 0xfc04, 0xffff, 0xce79, 0x3186, 0xfc02, 0x0000, 0x8c51, 0x632c, 0x0000, 0x4228, 0xfc02, 0xffff, 0x2104, 0x0000, 0x9cd3, 0xfc08, 0xffff, 0xdefb, 0x4228, 0xfc02, 0x0000, 0xbdd7, 0xfc02, 0xffff, 0x8c51, 0x2104, 0xfc02, 0x0000, 0x632c, 0xdefb, 0xfc02, 0xffff, 0xdefb, 0xfc02, 0x0000, 0x9cd3, 0x52aa, 0xfc02, 0x0000, 0x8c51, 0xfc07, 0xffff, 0x9cd3, 0xfc02, 0x0000, 0xbdd7, 0x3186, 0x0000, 0x2104, 0xad55, 0xfc03, 0xffff, 0x2104, 0x0000, 0x9cd3, 0xfc03, 0xffff, 0x8c51, 0x0000, 0x4228, 0xfc03, 0xffff, 0xce79, 0x632c, 0xfc02, 0x0000, 0x2104, 0x9cd3, 0xfc03, 0xffff, 0x632c, 0x0000, 0x632c, 0xfc04, 0xffff, 0xfc02, 0x0000, 0xbdd7, 0xfc02, 0xffff, 0x632c, 0xfc02, 0x0000, 0x8c51, 0xfc02, 0xffff, 0xef7d, 0x1082, 0x0000, 0x3186, 0xfc04, 0xffff, 0xdefb, 0xfc02, 0x0000, 0xbdd7, 0xfc0c, 0xffff, 
0xfc36, 0xffff, 0x52aa, 0x0000, 0x52aa, 0xfc4a, 0xffff, 0xdefb, 0xfc02, 0x0000, 0xbdd7, 0xfc0b, 0xffff, 0x9cd3, 0xfc02, 0x0000, 0xfc30, 0xffff, 0x1082, 0x0000, 0x8c51, 0xfc14, 0xffff, 
0xfc35, 0xffff, 0xce79, 0xfc02, 0x0000, 0x9cd3, 0xfc4a, 0xffff, 0xdefb, 0xfc02, 0x0000, 0xbdd7, 0xfc0b, 0xffff, 0x9cd3, 0xfc02, 0x0000, 0xfc2f, 0xffff, 0x8c51, 0xfc02, 0x0000, 0xdefb, 0xfc14, 0xffff, 
0xfc33, 0xffff, 0xdefb, 0xfc03, 0x0000, 0x1082, 0xef7d, 0xfc4a, 0xffff, 0xdefb, 0xfc02, 0x0000, 0xbdd7, 0xfc0b, 0xffff, 0x9cd3, 0xfc02, 0x0000, 0xfc2d, 0xffff, 0x9cd3, 0xfc03, 0x0000, 0x4228, 0xfc15, 0xffff, 
0xfc34, 0xffff, 0xfc02, 0x0000, 0x3186, 0xce79, 0xfc4b, 0xffff, 0xdefb, 0xfc02, 0x0000, 0xbdd7, 0xfc0b, 0xffff, 0x9cd3, 0xfc02, 0x0000, 0xfc2d, 0xffff, 0xbdd7, 0xfc02, 0x0000, 0x52aa, 0xef7d, 0xfc15, 0xffff, 
0xfcdc, 0xffff, 
0xfcdc, 0xffff, 
0xfcdc, 0xffff, 
0xfcdc, 0xffff, 
0xfc0b, 0xffff, 0x4228, 0xfc06, 0x0000, 0x632c, 0xef7d, 0xfc02, 0xffff, 0x8c51, 0x0000, 0x4228, 0xfc3c, 0xffff, 0xad55, 0x1082, 0xfc02, 0x0000, 0x8c51, 0xfc15, 0xffff, 0xad55, 0x4228, 0xdefb, 0xfc11, 0xffff, 0xce79, 0x632c, 0x9cd3, 0xfc02, 0xffff, 0x8c51, 0x0000, 0x4228, 0xfc51, 0xffff, 
0xfc0b, 0xffff, 0x4228, 0xfc07, 0x0000, 0x3186, 0xfc02, 0xffff, 0x8c51, 0x0000, 0x4228, 0xfc3c, 0xffff, 0x1082, 0xfc03, 0x0000, 0x8c51, 0xfc14, 0xffff, 0xdefb, 0xfc02, 0x0000, 0xdefb, 0xfc11, 0xffff, 0x2104, 0x0000, 0x9cd3, 0xfc02, 0xffff, 0x8c51, 0x0000, 0x4228, 0xfc51, 0xffff, 
0xfc0b, 0xffff, 0x4228, 0x0000, 0x632c, 0xfc03, 0xffff, 0x73ae, 0xfc02, 0x0000, 0xad55, 0xfc01, 0xffff, 0x8c51, 0x0000, 0x4228, 0xfc3c, 0xffff, 0xfc02, 0x0000, 0x9cd3, 0xfc16, 0xffff, 0xdefb, 0xfc02, 0x0000, 0xdefb, 0xfc11, 0xffff, 0x2104, 0x0000, 0x9cd3, 0xfc02, 0xffff, 0x8c51, 0x0000, 0x4228, 0xfc51, 0xffff, 
0xfc0b, 0xffff, 0x4228, 0x0000, 0x632c, 0xfc04, 0xffff, 0x1082, 0x0000, 0x8c51, 0xfc01, 0xffff, 0x8c51, 0x0000, 0x4228, 0xfc03, 0xffff, 0x8c51, 0xfc02, 0x0000, 0x1082, 0x9cd3, 0xfc04, 0xffff, 0x8c51, 0xfc03, 0x0000, 0x3186, 0xbdd7, 0xfc03, 0xffff, 0x8c51, 0x1082, 0xfc02, 0x0000, 0x3186, 0xad55, 0xfc04, 0xffff, 0x8c51, 0xfc02, 0x0000, 0x1082, 0x9cd3, 0xfc07, 0xffff, 0xdefb, 0xfc02, 0x0000, 0x9cd3, 0xfc02, 0x0000, 0xbdd7, 0xfc01, 0xffff, 0xce79, 0x4228, 0xfc02, 0x0000, 0x52aa, 0xdefb, 0xfc01, 0xffff, 0xbdd7, 0xfc05, 0x0000, 0xfc02, 0xffff, 0xad55, 0x2104, 0xfc02, 0x0000, 0x73ae, 0xfc03, 0xffff, 0x9cd3, 0x0000, 0x2104, 0x8c51, 0x0000, 0x1082, 0xef7d, 0xfc03, 0xffff, 0xbdd7, 0xfc04, 0x0000, 0x4228, 0xfc02, 0xffff, 0xce79, 0x52aa, 0xfc02, 0x0000, 0x2104, 0x9cd3, 0xfc07, 0xffff, 0xfc05, 0x0000, 0xfc01, 0xffff, 0x8c51, 0x0000, 0x4228, 0xce79, 0x3186, 0x0000, 0x2104, 0xbdd7, 0xfc04, 0xffff, 0x8c51, 0xfc02, 0x0000, 0x1082, 0x9cd3, 0xfc43, 0xffff, 
0xfc0b, 0xffff, 0x4228, 0x0000, 0x632c, 0xfc04, 0xffff, 0x1082, 0x0000, 0x8c51, 0xfc01, 0xffff, 0x8c51, 0x0000, 0x4228, 0xfc02, 0xffff, 0x52aa, 0xfc05, 0x0000, 0x8c51, 0xfc02, 0xffff, 0x8c51, 0xfc06, 0x0000, 0xdefb, 0xfc01, 0xffff, 0x8c51, 0xfc06, 0x0000, 0xce79, 0xfc02, 0xffff, 0x52aa, 0xfc05, 0x0000, 0x8c51, 0xfc06, 0xffff, 0xdefb, 0xfc05, 0x0000, 0xfc02, 0xce79, 0xfc05, 0x0000, 0x2104, 0xef7d, 0xbdd7, 0xfc05, 0x0000, 0xfc01, 0xffff, 0x8c51, 0xfc05, 0x0000, 0x52aa, 0xfc02, 0xffff, 0x9cd3, 0xfc04, 0x0000, 0x1082, 0xfc04, 0xffff, 0xbdd7, 0xfc04, 0x0000, 0x4228, 0xfc01, 0xffff, 0xce79, 0x1082, 0xfc05, 0x0000, 0x73ae, 0xfc06, 0xffff, 0xfc05, 0x0000, 0xfc01, 0xffff, 0x8c51, 0x0000, 0x2104, 0x1082, 0xfc04, 0x0000, 0xef7d, 0xfc02, 0xffff, 0x52aa, 0xfc05, 0x0000, 0x8c51, 0xfc42, 0xffff, 
0xfc0b, 0xffff, 0x4228, 0x0000, 0x632c, 0xfc03, 0xffff, 0x73ae, 0xfc02, 0x0000, 0xbdd7, 0xfc01, 0xffff, 0x8c51, 0x0000, 0x4228, 0xfc01, 0xffff, 0xbdd7, 0xfc02, 0x0000, 0xbdd7, 0xfc01, 0xffff, 0x9cd3, 0xfc02, 0x0000, 0xef7d, 0xfc01, 0xffff, 0x1082, 0x0000, 0xad55, 0xfc01, 0xffff, 0xdefb, 0xfc02, 0x0000, 0x9cd3, 0xfc01, 0xffff, 0x3186, 0x0000, 0x632c, 0xfc02, 0xffff, 0x3186, 0x0000, 0x52aa, 0xfc01, 0xffff, 0xbdd7, 0xfc02, 0x0000, 0xbdd7, 0xfc01, 0xffff, 0x9cd3, 0xfc02, 0x0000, 0xef7d, 0xfc05, 0xffff, 0xdefb, 0xfc02, 0x0000, 0x3186, 0xfc01, 0xffff, 0xce79, 0xfc01, 0xffff, 0x4228, 0x0000, 0x4228, 0xfc01, 0xffff, 0xef7d, 0x3186, 0x0000, 0x73ae, 0xfc02, 0xffff, 0xfc02, 0x0000, 0x9cd3, 0xfc01, 0xffff, 0xef7d, 0x1082, 0x0000, 0x8c51, 0xfc01, 0xffff, 0xce79, 0x1082, 0x0000, 0xad55, 0xfc01, 0xffff, 0x9cd3, 0xfc02, 0x0000, 0x73ae, 0xfc01, 0xffff, 0xce79, 0xfc05, 0xffff, 0xdefb, 0xfc02, 0x0000, 0xdefb, 0xfc02, 0xffff, 0x4228, 0x0000, 0x2104, 0xdefb, 0xfc01, 0xffff, 0x73ae, 0xfc02, 0x0000, 0xbdd7, 0xfc06, 0xffff, 0x2104, 0x0000, 0x9cd3, 0xfc02, 0xffff, 0x8c51, 0xfc02, 0x0000, 0x8c51, 0xfc01, 0xffff, 0xce79, 0xfc02, 0x0000, 0x9cd3, 0xfc01, 0xffff, 0xbdd7, 0xfc02, 0x0000, 0xbdd7, 0xfc01, 0xffff, 0x9cd3, 0xfc02, 0x0000, 0xef7d, 0xfc41, 0xffff, 
0xfc0b, 0xffff, 0x4228, 0xfc07, 0x0000, 0x52aa, 0xfc02, 0xffff, 0x8c51, 0x0000, 0x4228, 0xfc01, 0xffff, 0x73ae, 0x0000, 0x4228, 0xfc03, 0xffff, 0x2104, 0x0000, 0xad55, 0xfc03, 0xffff, 0xad55, 0x8c51, 0x3186, 0xfc02, 0x0000, 0x9cd3, 0xfc01, 0xffff, 0x3186, 0x0000, 0x1082, 0x8c51, 0xce79, 0xfc04, 0xffff, 0x73ae, 0x0000, 0x4228, 0xfc03, 0xffff, 0x2104, 0x0000, 0xad55, 0xfc05, 0xffff, 0xdefb, 0xfc02, 0x0000, 0xad55, 0xfc02, 0xffff, 0xef7d, 0xfc02, 0x0000, 0xbdd7, 0xfc02, 0xffff, 0x9cd3, 0x0000, 0x3186, 0xfc02, 0xffff, 0xfc02, 0x0000, 0x9cd3, 0xfc01, 0xffff, 0xad55, 0xfc02, 0x0000, 0xfc03, 0xffff, 0x632c, 0x0000, 0x73ae, 0xfc01, 0xffff, 0x9cd3, 0xfc02, 0x0000, 0xef7d, 0xfc07, 0xffff, 0xdefb, 0xfc02, 0x0000, 0xdefb, 0xfc01, 0xffff, 0xce79, 0xfc02, 0x0000, 0xad55, 0xfc03, 0xffff, 0x2104, 0x0000, 0x73ae, 0xfc06, 0xffff, 0x2104, 0x0000, 0x9cd3, 0xfc02, 0xffff, 0x8c51, 0x0000, 0x1082, 0xfc03, 0xffff, 0x2104, 0x0000, 0x8c51, 0xfc01, 0xffff, 0x73ae, 0x0000, 0x4228, 0xfc03, 0xffff, 0x2104, 0x0000, 0xad55, 0xfc41, 0xffff, 
0xfc0b, 0xffff, 0x4228, 0xfc06, 0x0000, 0x8c51, 0xfc03, 0xffff, 0x8c51, 0x0000, 0x4228, 0xfc01, 0xffff, 0x52aa, 0xfc07, 0x0000, 0x8c51, 0xfc01, 0xffff, 0xad55, 0xfc06, 0x0000, 0x9cd3, 0xfc01, 0xffff, 0xad55, 0xfc05, 0x0000, 0x73ae, 0xef7d, 0xfc01, 0xffff, 0x52aa, 0xfc07, 0x0000, 0x8c51, 0xfc05, 0xffff, 0xdefb, 0xfc02, 0x0000, 0xce79, 0xfc02, 0xffff, 0xce79, 0xfc08, 0x0000, 0xfc02, 0xffff, 0xfc02, 0x0000, 0x9cd3, 0xfc01, 0xffff, 0x8c51, 0xfc07, 0x0000, 0x4228, 0xfc01, 0xffff, 0x9cd3, 0x0000, 0x1082, 0xfc08, 0xffff, 0xdefb, 0xfc02, 0x0000, 0xdefb, 0xfc01, 0xffff, 0xad55, 0xfc02, 0x0000, 0xdefb, 0xfc03, 0xffff, 0x632c, 0x0000, 0x4228, 0xfc06, 0xffff, 0x2104, 0x0000, 0x9cd3, 0xfc02, 0xffff, 0x8c51, 0x0000, 0x4228, 0xfc03, 0xffff, 0x4228, 0x0000, 0x8c51, 0xfc01, 0xffff, 0x52aa, 0xfc07, 0x0000, 0x8c51, 0xfc41, 0xffff, 
0xfc0b, 0xffff, 0x4228, 0x0000, 0x632c, 0xfc08, 0xffff, 0x8c51, 0x0000, 0x4228, 0xfc01, 0xffff, 0x52aa, 0xfc07, 0x0000, 0x632c, 0xdefb, 0xfc02, 0x0000, 0x4228, 0x8c51, 0xef7d, 0xfc02, 0x0000, 0x9cd3, 0xfc02, 0xffff, 0xbdd7, 0x73ae, 0xfc04, 0x0000, 0x3186, 0xfc01, 0xffff, 0x52aa, 0xfc07, 0x0000, 0x632c, 0xfc05, 0xffff, 0xdefb, 0xfc02, 0x0000, 0xdefb, 0xfc02, 0xffff, 0xce79, 0xfc08, 0x0000, 0xdefb, 0xfc01, 0xffff, 0xfc02, 0x0000, 0x9cd3, 0xfc01, 0xffff, 0x8c51, 0xfc07, 0x0000, 0x2104, 0xfc01, 0xffff, 0x9cd3, 0x0000, 0x2104, 0xfc08, 0xffff, 0xdefb, 0xfc02, 0x0000, 0xdefb, 0xfc01, 0xffff, 0xad55, 0xfc02, 0x0000, 0xdefb, 0xfc03, 0xffff, 0x632c, 0x0000, 0x4228, 0xfc06, 0xffff, 0x2104, 0x0000, 0x9cd3, 0xfc02, 0xffff, 0x8c51, 0x0000, 0x4228, 0xfc03, 0xffff, 0x4228, 0x0000, 0x8c51, 0xfc01, 0xffff, 0x52aa, 0xfc07, 0x0000, 0x632c, 0xfc41, 0xffff, 
0xfc0b, 0xffff, 0x4228, 0x0000, 0x632c, 0xfc08, 0xffff, 0x8c51, 0x0000, 0x4228, 0xfc01, 0xffff, 0x73ae, 0x0000, 0x4228, 0xfc06, 0xffff, 0x9cd3, 0xfc02, 0x0000, 0xef7d, 0xfc01, 0xffff, 0xef7d, 0xfc02, 0x0000, 0x9cd3, 0xfc05, 0xffff, 0xef7d, 0x632c, 0xfc02, 0x0000, 0xdefb, 0x73ae, 0x0000, 0x4228, 0xfc0b, 0xffff, 0xdefb, 0xfc02, 0x0000, 0xdefb, 0xfc02, 0xffff, 0xef7d, 0xfc02, 0x0000, 0xbdd7, 0xfc07, 0xffff, 0xfc02, 0x0000, 0x9cd3, 0xfc01, 0xffff, 0xad55, 0xfc02, 0x0000, 0xfc07, 0xffff, 0x9cd3, 0x0000, 0x2104, 0xfc08, 0xffff, 0xdefb, 0xfc02, 0x0000, 0xdefb, 0xfc01, 0xffff, 0xce79, 0xfc02, 0x0000, 0xad55, 0xfc03, 0xffff, 0x2104, 0x0000, 0x73ae, 0xfc06, 0xffff, 0x2104, 0x0000, 0x9cd3, 0xfc02, 0xffff, 0x8c51, 0x0000, 0x4228, 0xfc03, 0xffff, 0x4228, 0x0000, 0x8c51, 0xfc01, 0xffff, 0x73ae, 0x0000, 0x4228, 0xfc47, 0xffff, 
0xfc0b, 0xffff, 0x4228, 0x0000, 0x632c, 0xfc08, 0xffff, 0x8c51, 0x0000, 0x4228, 0xfc01, 0xffff, 0xbdd7, 0xfc02, 0x0000, 0xad55, 0xfc05, 0xffff, 0x9cd3, 0xfc02, 0x0000, 0xad55, 0xfc01, 0xffff, 0x632c, 0xfc02, 0x0000, 0x9cd3, 0xef7d, 0x1082, 0x0000, 0x73ae, 0xfc02, 0xffff, 0x8c51, 0xfc02, 0x0000, 0xef7d, 0xbdd7, 0xfc02, 0x0000, 0xad55, 0xfc0a, 0xffff, 0xdefb, 0xfc02, 0x0000, 0xdefb, 0xfc03, 0xffff, 0x4228, 0x0000, 0x4228, 0xef7d, 0xfc06, 0xffff, 0xfc02, 0x0000, 0x9cd3, 0xfc01, 0xffff, 0xef7d, 0x1082, 0x0000, 0x73ae, 0xfc06, 0xffff, 0x9cd3, 0x0000, 0x2104, 0xfc08, 0xffff, 0xdefb, 0xfc02, 0x0000, 0xce79, 0xfc02, 0xffff, 0x3186, 0x0000, 0x2104, 0xdefb, 0xfc01, 0xffff, 0x73ae, 0xfc02, 0x0000, 0xbdd7, 0xfc06, 0xffff, 0x2104, 0x0000, 0x8c51, 0xfc02, 0xffff, 0x8c51, 0x0000, 0x4228, 0xfc03, 0xffff, 0x4228, 0x0000, 0x8c51, 0xfc01, 0xffff, 0xbdd7, 0xfc02, 0x0000, 0xad55, 0xfc46, 0xffff, 
0xfc0b, 0xffff, 0x4228, 0x0000, 0x632c, 0xfc08, 0xffff, 0x8c51, 0x0000, 0x4228, 0xfc02, 0xffff, 0x52aa, 0xfc05, 0x0000, 0x1082, 0xdefb, 0xef7d, 0x1082, 0xfc04, 0x0000, 0x1082, 0x0000, 0x8c51, 0xfc01, 0xffff, 0x8c51, 0xfc06, 0x0000, 0x73ae, 0xfc02, 0xffff, 0x52aa, 0xfc05, 0x0000, 0x1082, 0xdefb, 0xfc05, 0xffff, 0xdefb, 0xfc02, 0x0000, 0xdefb, 0xfc03, 0xffff, 0xce79, 0xfc06, 0x0000, 0x73ae, 0xfc02, 0xffff, 0xfc02, 0x0000, 0x9cd3, 0xfc02, 0xffff, 0x8c51, 0xfc06, 0x0000, 0xad55, 0xfc01, 0xffff, 0x9cd3, 0x0000, 0x2104, 0xfc08, 0xffff, 0xef7d, 0xfc03, 0x0000, 0x2104, 0xfc01, 0xffff, 0xce79, 0xfc06, 0x0000, 0x8c51, 0xfc07, 0xffff, 0x3186, 0xfc03, 0x0000, 0xdefb, 0x8c51, 0x0000, 0x4228, 0xfc03, 0xffff, 0x4228, 0x0000, 0x8c51, 0xfc02, 0xffff, 0x52aa, 0xfc05, 0x0000, 0x1082, 0xdefb, 0xfc41, 0xffff, 
0xfc0b, 0xffff, 0x4228, 0x0000, 0x632c, 0xfc08, 0xffff, 0x8c51, 0x0000, 0x4228, 0xfc03, 0xffff, 0x8c51, 0xfc03, 0x0000, 0x52aa, 0xce79, 0xfc02, 0xffff, 0xbdd7, 0x2104, 0x0000, 0x1082, 0xad55, 0x73ae, 0x0000, 0x4228, 0xfc02, 0xffff, 0x9cd3, 0x3186, 0xfc02, 0x0000, 0x1082, 0x8c51, 0xfc04, 0xffff, 0x8c51, 0xfc03, 0x0000, 0x52aa, 0xce79, 0xfc06, 0xffff, 0xdefb, 0xfc02, 0x0000, 0xdefb, 0xfc04, 0xffff, 0xbdd7, 0x4228, 0xfc02, 0x0000, 0x1082, 0x8c51, 0xfc03, 0xffff, 0xfc02, 0x0000, 0x9cd3, 0xfc03, 0xffff, 0x9cd3, 0x2104, 0xfc02, 0x0000, 0x3186, 0xad55, 0xfc02, 0xffff, 0x9cd3, 0x0000, 0x2104, 0xfc09, 0xffff, 0x9cd3, 0xfc02, 0x0000, 0x4228, 0xfc02, 0xffff, 0xce79, 0x632c, 0xfc02, 0x0000, 0x2104, 0x9cd3, 0xfc08, 0xffff, 0xbdd7, 0x2104, 0x0000, 0x1082, 0xef7d, 0x8c51, 0x0000, 0x4228, 0xfc03, 0xffff, 0x4228, 0x0000, 0x8c51, 0xfc03, 0xffff, 0x8c51, 0xfc03, 0x0000, 0x52aa, 0xce79, 0xfc42, 0xffff, 
0xfcdc, 0xffff, 
0xfcdc, 0xffff, 
0xfcdc, 0xffff, 
0xfcdc, 0xffff, 
0xfcdc, 0xffff, 
0xfcdc, 0xffff, 
0xfcdc, 0xffff, 
0xfcdc, 0xffff, 
0xfc0d, 0xffff, 0xbdd7, 0x632c, 0xfc03, 0x0000, 0x4228, 0xad55, 0xfc28, 0xffff, 0xad55, 0x4228, 0xdefb, 0xfc12, 0xffff, 0xdefb, 0xfc02, 0x0000, 0x9cd3, 0xfc0f, 0xffff, 0x8c51, 0xfc03, 0x0000, 0xef7d, 0xfc03, 0xffff, 0x8c51, 0xfc03, 0x0000, 0xbdd7, 0xfc28, 0xffff, 0xbdd7, 0xfc02, 0x0000, 0xfc07, 0xffff, 0xce79, 0x3186, 0xfc02, 0x0000, 0x4228, 0xfc34, 0xffff, 
0xfc0c, 0xffff, 0x9cd3, 0xfc07, 0x0000, 0x632c, 0xfc26, 0xffff, 0xdefb, 0xfc02, 0x0000, 0xdefb, 0xfc12, 0xffff, 0xdefb, 0xfc02, 0x0000, 0x9cd3, 0xfc0f, 0xffff, 0x8c51, 0xfc03, 0x0000, 0xad55, 0xfc03, 0xffff, 0x52aa, 0xfc03, 0x0000, 0xbdd7, 0xfc28, 0xffff, 0xbdd7, 0xfc02, 0x0000, 0xfc07, 0xffff, 0x52aa, 0xfc03, 0x0000, 0x52aa, 0xfc34, 0xffff, 
0xfc0b, 0xffff, 0xbdd7, 0xfc02, 0x0000, 0x4228, 0xdefb, 0xfc02, 0xffff, 0x73ae, 0xfc02, 0x0000, 0x8c51, 0xfc25, 0xffff, 0xdefb, 0xfc02, 0x0000, 0xdefb, 0xfc12, 0xffff, 0xdefb, 0xfc02, 0x0000, 0xbdd7, 0xfc0f, 0xffff, 0x8c51, 0xfc03, 0x0000, 0x73ae, 0xfc03, 0xffff, 0x1082, 0xfc03, 0x0000, 0xbdd7, 0xfc28, 0xffff, 0xbdd7, 0xfc02, 0x0000, 0xfc07, 0xffff, 0x4228, 0x0000, 0x632c, 0xfc36, 0xffff, 
0xfc0b, 0xffff, 0x4228, 0x0000, 0x3186, 0xfc05, 0xffff, 0x73ae, 0x0000, 0x1082, 0xef7d, 0xfc01, 0xffff, 0x2104, 0x0000, 0x8c51, 0x632c, 0xfc02, 0x0000, 0x52aa, 0xef7d, 0xfc03, 0xffff, 0xef7d, 0x632c, 0xfc02, 0x0000, 0x3186, 0xbdd7, 0xfc02, 0xffff, 0xdefb, 0xfc02, 0x0000, 0x9cd3, 0xfc02, 0x0000, 0xbdd7, 0xfc01, 0xffff, 0xad55, 0x2104, 0xfc02, 0x0000, 0x1082, 0x9cd3, 0xfc01, 0xffff, 0xbdd7, 0xfc04, 0x0000, 0x4228, 0xfc02, 0xffff, 0xce79, 0x52aa, 0xfc02, 0x0000, 0x2104, 0x9cd3, 0xfc03, 0xffff, 0x632c, 0x0000, 0x632c, 0x4228, 0x0000, 0x4228, 0xfc02, 0xffff, 0x1082, 0xce79, 0xfc02, 0xffff, 0x8c51, 0x1082, 0xfc02, 0x0000, 0x3186, 0xad55, 0xfc07, 0xffff, 0x8c51, 0x0000, 0x3186, 0x0000, 0x1082, 0xfc02, 0xffff, 0xce79, 0x0000, 0x3186, 0xfc02, 0x0000, 0xbdd7, 0xfc02, 0xffff, 0xce79, 0x4228, 0xfc03, 0x0000, 0x73ae, 0xfc02, 0xffff, 0xdefb, 0xfc02, 0x0000, 0xad55, 0x52aa, 0xfc02, 0x0000, 0x52aa, 0xef7d, 0xfc02, 0xffff, 0x2104, 0x0000, 0x8c51, 0xfc02, 0xffff, 0xdefb, 0xfc02, 0x0000, 0xbdd7, 0xfc02, 0xffff, 0xad55, 0x2104, 0xfc02, 0x0000, 0x1082, 0x9cd3, 0xfc02, 0xffff, 0xbdd7, 0xfc02, 0x0000, 0xfc06, 0xffff, 0xfc05, 0x0000, 0xbdd7, 0xfc01, 0xffff, 0xef7d, 0x73ae, 0xfc03, 0x0000, 0x8c51, 0xfc03, 0xffff, 0x9cd3, 0x0000, 0x2104, 0x8c51, 0x0000, 0x1082, 0xef7d, 0xfc23, 0xffff, 
0xfc0a, 0xffff, 0xef7d, 0xfc02, 0x0000, 0x8c51, 0xfc05, 0xffff, 0xdefb, 0xfc02, 0x0000, 0xad55, 0xfc01, 0xffff, 0x2104, 0xfc06, 0x0000, 0x3186, 0xfc02, 0xffff, 0xef7d, 0x2104, 0xfc05, 0x0000, 0xce79, 0xfc01, 0xffff, 0xdefb, 0xfc05, 0x0000, 0xce79, 0xbdd7, 0xfc06, 0x0000, 0x9cd3, 0xbdd7, 0xfc04, 0x0000, 0x4228, 0xfc01, 0xffff, 0xce79, 0x1082, 0xfc05, 0x0000, 0x73ae, 0xfc02, 0xffff, 0x632c, 0xfc04, 0x0000, 0x52aa, 0xfc01, 0xffff, 0x8c51, 0x2104, 0xfc02, 0xffff, 0x8c51, 0xfc06, 0x0000, 0xce79, 0xfc06, 0xffff, 0x8c51, 0x0000, 0x4228, 0x3186, 0x0000, 0xce79, 0xfc01, 0xffff, 0x8c51, 0x0000, 0x73ae, 0xfc02, 0x0000, 0xbdd7, 0xfc01, 0xffff, 0xef7d, 0x1082, 0xfc05, 0x0000, 0x632c, 0xfc01, 0xffff, 0xdefb, 0xfc07, 0x0000, 0x632c, 0xfc02, 0xffff, 0x2104, 0x0000, 0x8c51, 0xfc02, 0xffff, 0xdefb, 0xfc02, 0x0000, 0xbdd7, 0xfc01, 0xffff, 0xbdd7, 0xfc06, 0x0000, 0x9cd3, 0xfc01, 0xffff, 0xbdd7, 0xfc02, 0x0000, 0xfc06, 0xffff, 0xfc05, 0x0000, 0xbdd7, 0xef7d, 0x3186, 0xfc05, 0x0000, 0x3186, 0xfc02, 0xffff, 0x9cd3, 0xfc04, 0x0000, 0x1082, 0xfc24, 0xffff, 
0xfc0a, 0xffff, 0xce79, 0xfc02, 0x0000, 0xce79, 0xfc06, 0xffff, 0x1082, 0x0000, 0x8c51, 0xfc01, 0xffff, 0x2104, 0xfc02, 0x0000, 0xbdd7, 0xfc01, 0xffff, 0x8c51, 0xfc02, 0x0000, 0xad55, 0xfc01, 0xffff, 0x8c51, 0x0000, 0x2104, 0xdefb, 0xfc01, 0xffff, 0x632c, 0x0000, 0x3186, 0xfc01, 0xffff, 0xdefb, 0xfc02, 0x0000, 0x3186, 0xfc01, 0xffff, 0xce79, 0xfc01, 0xffff, 0x52aa, 0x0000, 0x73ae, 0xfc02, 0xffff, 0x2104, 0x0000, 0x632c, 0xfc01, 0xffff, 0xdefb, 0xfc02, 0x0000, 0xdefb, 0xfc02, 0xffff, 0x4228, 0x0000, 0x2104, 0xdefb, 0xfc01, 0xffff, 0x73ae, 0xfc02, 0x0000, 0xbdd7, 0xfc01, 0xffff, 0x632c, 0xfc02, 0x0000, 0xad55, 0xfc01, 0xffff, 0xce79, 0xef7d, 0x3186, 0xce79, 0xfc02, 0xffff, 0x3186, 0x0000, 0x632c, 0xfc02, 0xffff, 0x3186, 0x0000, 0x52aa, 0xfc06, 0xffff, 0x8c51, 0x0000, 0x4228, 0x73ae, 0x0000, 0x8c51, 0xfc01, 0xffff, 0x3186, 0x0000, 0xad55, 0xfc02, 0x0000, 0xbdd7, 0xfc01, 0xffff, 0x8c51, 0x0000, 0x3186, 0xfc02, 0xffff, 0x632c, 0x0000, 0x2104, 0xfc01, 0xffff, 0xdefb, 0xfc02, 0x0000, 0x2104, 0xdefb, 0xfc01, 0xffff, 0x3186, 0x0000, 0x2104, 0xfc02, 0xffff, 0x2104, 0x0000, 0x8c51, 0xfc02, 0xffff, 0xdefb, 0xfc02, 0x0000, 0xbdd7, 0xfc01, 0xffff, 0x52aa, 0x0000, 0x73ae, 0xfc02, 0xffff, 0x2104, 0x0000, 0x632c, 0xfc01, 0xffff, 0xbdd7, 0xfc02, 0x0000, 0xfc07, 0xffff, 0x4228, 0x0000, 0x632c, 0xfc02, 0xffff, 0x8c51, 0xfc02, 0x0000, 0xbdd7, 0xfc01, 0xffff, 0xad55, 0xfc02, 0x0000, 0x8c51, 0xfc01, 0xffff, 0x9cd3, 0xfc02, 0x0000, 0x73ae, 0xfc01, 0xffff, 0xce79, 0xfc24, 0xffff, 
0xfc0a, 0xffff, 0xbdd7, 0xfc02, 0x0000, 0xdefb, 0xfc06, 0xffff, 0x2104, 0x0000, 0x8c51, 0xfc01, 0xffff, 0x2104, 0x0000, 0x73ae, 0xfc03, 0xffff, 0x3186, 0x0000, 0x73ae, 0xfc01, 0xffff, 0x3186, 0x0000, 0x8c51, 0xfc02, 0xffff, 0xdefb, 0xfc02, 0x0000, 0xef7d, 0xdefb, 0xfc02, 0x0000, 0xad55, 0xfc05, 0xffff, 0xce79, 0x8c51, 0x52aa, 0xfc02, 0x0000, 0x632c, 0xfc01, 0xffff, 0xdefb, 0xfc02, 0x0000, 0xdefb, 0xfc01, 0xffff, 0xce79, 0xfc02, 0x0000, 0xad55, 0xfc03, 0xffff, 0x2104, 0x0000, 0x73ae, 0xfc01, 0xffff, 0x632c, 0x0000, 0x3186, 0xfc08, 0xffff, 0x3186, 0x0000, 0x1082, 0x8c51, 0xce79, 0xfc09, 0xffff, 0x8c51, 0x0000, 0x4228, 0xad55, 0x0000, 0x52aa, 0xef7d, 0x0000, 0x1082, 0xdefb, 0xfc02, 0x0000, 0xbdd7, 0xfc03, 0xffff, 0xef7d, 0x8c51, 0x73ae, 0xfc02, 0x0000, 0x2104, 0xfc01, 0xffff, 0xdefb, 0xfc02, 0x0000, 0xad55, 0xfc02, 0xffff, 0x9cd3, 0xfc02, 0x0000, 0xfc02, 0xffff, 0x2104, 0x0000, 0x8c51, 0xfc02, 0xffff, 0xdefb, 0xfc02, 0x0000, 0xbdd7, 0xfc03, 0xffff, 0xce79, 0x8c51, 0x52aa, 0xfc02, 0x0000, 0x632c, 0xfc01, 0xffff, 0xbdd7, 0xfc02, 0x0000, 0xfc07, 0xffff, 0x4228, 0x0000, 0x632c, 0xfc02, 0xffff, 0x1082, 0x0000, 0x73ae, 0xfc03, 0xffff, 0x632c, 0x0000, 0x3186, 0xfc01, 0xffff, 0x9cd3, 0xfc02, 0x0000, 0xef7d, 0xfc26, 0xffff, 
0xfc0a, 0xffff, 0xce79, 0xfc02, 0x0000, 0xce79, 0xfc06, 0xffff, 0x1082, 0x0000, 0x8c51, 0xfc01, 0xffff, 0x2104, 0x0000, 0x9cd3, 0xfc03, 0xffff, 0x632c, 0x0000, 0x4228, 0xfc01, 0xffff, 0x1082, 0xfc07, 0x0000, 0xbdd7, 0xdefb, 0xfc02, 0x0000, 0xce79, 0xfc03, 0xffff, 0xce79, 0x2104, 0xfc05, 0x0000, 0x632c, 0xfc01, 0xffff, 0xdefb, 0xfc02, 0x0000, 0xdefb, 0xfc01, 0xffff, 0xad55, 0xfc02, 0x0000, 0xdefb, 0xfc03, 0xffff, 0x632c, 0x0000, 0x4228, 0xfc01, 0xffff, 0x632c, 0x0000, 0x52aa, 0xfc08, 0xffff, 0xad55, 0xfc05, 0x0000, 0x73ae, 0xef7d, 0xfc06, 0xffff, 0x8c51, 0x0000, 0x4228, 0xef7d, 0x0000, 0x1082, 0xad55, 0x0000, 0x52aa, 0xdefb, 0xfc02, 0x0000, 0xbdd7, 0xfc01, 0xffff, 0xef7d, 0x4228, 0xfc05, 0x0000, 0x2104, 0xfc01, 0xffff, 0xdefb, 0xfc02, 0x0000, 0xbdd7, 0xfc02, 0xffff, 0x9cd3, 0xfc02, 0x0000, 0xfc02, 0xffff, 0x2104, 0x0000, 0x8c51, 0xfc02, 0xffff, 0xdefb, 0xfc02, 0x0000, 0xbdd7, 0xfc01, 0xffff, 0xce79, 0x2104, 0xfc05, 0x0000, 0x632c, 0xfc01, 0xffff, 0xbdd7, 0xfc02, 0x0000, 0xfc07, 0xffff, 0x4228, 0x0000, 0x632c, 0xfc01, 0xffff, 0xef7d, 0xfc02, 0x0000, 0x9cd3, 0xfc03, 0xffff, 0x9cd3, 0xfc02, 0x0000, 0xfc01, 0xffff, 0x9cd3, 0x0000, 0x1082, 0xfc27, 0xffff, 
0xfc0a, 0xffff, 0xef7d, 0xfc02, 0x0000, 0x8c51, 0xfc05, 0xffff, 0xce79, 0xfc02, 0x0000, 0xad55, 0xfc01, 0xffff, 0x2104, 0x0000, 0x8c51, 0xfc03, 0xffff, 0x632c, 0x0000, 0x52aa, 0xfc01, 0xffff, 0x1082, 0xfc07, 0x0000, 0x9cd3, 0xdefb, 0xfc02, 0x0000, 0xdefb, 0xfc03, 0xffff, 0x2104, 0x0000, 0x2104, 0x8c51, 0xce79, 0x4228, 0x0000, 0x632c, 0xfc01, 0xffff, 0xdefb, 0xfc02, 0x0000, 0xdefb, 0xfc01, 0xffff, 0xad55, 0xfc02, 0x0000, 0xdefb, 0xfc03, 0xffff, 0x632c, 0x0000, 0x4228, 0xfc01, 0xffff, 0x632c, 0x0000, 0x632c, 0xfc09, 0xffff, 0xbdd7, 0x73ae, 0xfc04, 0x0000, 0x3186, 0xfc06, 0xffff, 0x8c51, 0x0000, 0x4228, 0xfc01, 0xffff, 0x3186, 0x0000, 0x4228, 0x0000, 0x8c51, 0xdefb, 0xfc02, 0x0000, 0xbdd7, 0xfc01, 0xffff, 0x632c, 0xfc02, 0x0000, 0x8c51, 0xad55, 0x8c51, 0x0000, 0x2104, 0xfc01, 0xffff, 0xdefb, 0xfc02, 0x0000, 0xbdd7, 0xfc02, 0xffff, 0x9cd3, 0xfc02, 0x0000, 0xfc02, 0xffff, 0x2104, 0x0000, 0x8c51, 0xfc02, 0xffff, 0xdefb, 0xfc02, 0x0000, 0xbdd7, 0xfc01, 0xffff, 0x2104, 0x0000, 0x2104, 0x8c51, 0xce79, 0x4228, 0x0000, 0x632c, 0xfc01, 0xffff, 0xbdd7, 0xfc02, 0x0000, 0xfc07, 0xffff, 0x4228, 0x0000, 0x632c, 0xfc01, 0xffff, 0xef7d, 0xfc02, 0x0000, 0x9cd3, 0xfc03, 0xffff, 0x9cd3, 0xfc02, 0x0000, 0xfc01, 0xffff, 0x9cd3, 0x0000, 0x2104, 0xfc27, 0xffff, 
0xfc0b, 0xffff, 0x4228, 0x0000, 0x2104, 0xfc05, 0xffff, 0x632c, 0x0000, 0x1082, 0xef7d, 0xfc01, 0xffff, 0x2104, 0x0000, 0x632c, 0xfc03, 0xffff, 0x3186, 0x0000, 0x73ae, 0xfc01, 0xffff, 0x3186, 0x0000, 0x8c51, 0xfc06, 0xffff, 0xdefb, 0xfc02, 0x0000, 0xdefb, 0xfc02, 0xffff, 0xdefb, 0xfc02, 0x0000, 0xad55, 0xfc02, 0xffff, 0x3186, 0x0000, 0x632c, 0xfc01, 0xffff, 0xdefb, 0xfc02, 0x0000, 0xdefb, 0xfc01, 0xffff, 0xce79, 0xfc02, 0x0000, 0xad55, 0xfc03, 0xffff, 0x2104, 0x0000, 0x73ae, 0xfc01, 0xffff, 0x632c, 0x0000, 0x632c, 0xfc0c, 0xffff, 0xef7d, 0x632c, 0xfc02, 0x0000, 0xdefb, 0xfc05, 0xffff, 0x8c51, 0x0000, 0x4228, 0xfc01, 0xffff, 0x8c51, 0xfc03, 0x0000, 0xce79, 0xdefb, 0xfc02, 0x0000, 0xbdd7, 0xfc01, 0xffff, 0x2104, 0x0000, 0x73ae, 0xfc02, 0xffff, 0x73ae, 0x0000, 0x2104, 0xfc01, 0xffff, 0xdefb, 0xfc02, 0x0000, 0xbdd7, 0xfc02, 0xffff, 0x9cd3, 0xfc02, 0x0000, 0xfc02, 0xffff, 0x4228, 0x0000, 0x8c51, 0xfc02, 0xffff, 0xce79, 0xfc02, 0x0000, 0xbdd7, 0xdefb, 0xfc02, 0x0000, 0xad55, 0xfc02, 0xffff, 0x3186, 0x0000, 0x632c, 0xfc01, 0xffff, 0xbdd7, 0xfc02, 0x0000, 0xfc07, 0xffff, 0x4228, 0x0000, 0x632c, 0xfc02, 0xffff, 0x1082, 0x0000, 0x73ae, 0xfc03, 0xffff, 0x632c, 0x0000, 0x3186, 0xfc01, 0xffff, 0x9cd3, 0x0000, 0x2104, 0xfc27, 0xffff, 
0xfc0b, 0xffff, 0xbdd7, 0xfc02, 0x0000, 0x4228, 0xce79, 0xfc02, 0xffff, 0x632c, 0xfc02, 0x0000, 0x8c51, 0xfc02, 0xffff, 0x2104, 0xfc02, 0x0000, 0xbdd7, 0xfc01, 0xffff, 0x9cd3, 0xfc02, 0x0000, 0xad55, 0xfc01, 0xffff, 0x8c51, 0x0000, 0x2104, 0xce79, 0xfc05, 0xffff, 0xdefb, 0xfc02, 0x0000, 0xdefb, 0xfc02, 0xffff, 0xdefb, 0xfc02, 0x0000, 0x73ae, 0xfc01, 0xffff, 0x9cd3, 0xfc02, 0x0000, 0x632c, 0xfc01, 0xffff, 0xdefb, 0xfc02, 0x0000, 0xce79, 0xfc02, 0xffff, 0x3186, 0x0000, 0x2104, 0xdefb, 0xfc01, 0xffff, 0x73ae, 0xfc02, 0x0000, 0xbdd7, 0xfc01, 0xffff, 0x632c, 0x0000, 0x632c, 0xfc07, 0xffff, 0xef7d, 0x1082, 0x0000, 0x73ae, 0xfc02, 0xffff, 0x8c51, 0xfc02, 0x0000, 0xef7d, 0xfc05, 0xffff, 0x8c51, 0x0000, 0x4228, 0xfc01, 0xffff, 0xce79, 0xfc02, 0x0000, 0x2104, 0xfc01, 0xffff, 0xdefb, 0xfc02, 0x0000, 0xbdd7, 0xfc01, 0xffff, 0x2104, 0x0000, 0x3186, 0xfc01, 0xffff, 0xce79, 0x1082, 0x0000, 0x2104, 0xfc01, 0xffff, 0xdefb, 0xfc02, 0x0000, 0xbdd7, 0xfc02, 0xffff, 0x9cd3, 0xfc02, 0x0000, 0xfc02, 0xffff, 0x52aa, 0x0000, 0x2104, 0xfc02, 0xef7d, 0x4228, 0xfc02, 0x0000, 0xbdd7, 0xdefb, 0xfc02, 0x0000, 0x73ae, 0xfc01, 0xffff, 0x9cd3, 0xfc02, 0x0000, 0x632c, 0xfc01, 0xffff, 0xbdd7, 0xfc02, 0x0000, 0xfc07, 0xffff, 0x4228, 0x0000, 0x632c, 0xfc02, 0xffff, 0x73ae, 0xfc02, 0x0000, 0xbdd7, 0xfc01, 0xffff, 0xad55, 0xfc02, 0x0000, 0x8c51, 0xfc01, 0xffff, 0x9cd3, 0x0000, 0x2104, 0xfc27, 0xffff, 
0xfc0c, 0xffff, 0x9cd3, 0xfc07, 0x0000, 0x632c, 0xfc03, 0xffff, 0x2104, 0xfc06, 0x0000, 0x3186, 0xfc02, 0xffff, 0xef7d, 0x2104, 0xfc05, 0x0000, 0x3186, 0xfc01, 0xffff, 0xdefb, 0xfc02, 0x0000, 0xdefb, 0xfc03, 0xffff, 0x4228, 0xfc04, 0x0000, 0x1082, 0x0000, 0x52aa, 0xfc01, 0xffff, 0xef7d, 0xfc03, 0x0000, 0x2104, 0xfc01, 0xffff, 0xce79, 0xfc06, 0x0000, 0x8c51, 0xfc02, 0xffff, 0x632c, 0x0000, 0x632c, 0xfc08, 0xffff, 0x8c51, 0xfc06, 0x0000, 0x73ae, 0xfc06, 0xffff, 0x8c51, 0x0000, 0x4228, 0xfc02, 0xffff, 0x1082, 0x0000, 0x73ae, 0xfc01, 0xffff, 0xdefb, 0xfc02, 0x0000, 0xbdd7, 0xfc01, 0xffff, 0x8c51, 0xfc04, 0x0000, 0x1082, 0x0000, 0x1082, 0xfc01, 0xffff, 0xdefb, 0xfc02, 0x0000, 0xbdd7, 0xfc02, 0xffff, 0x9cd3, 0xfc02, 0x0000, 0xfc02, 0xffff, 0x9cd3, 0xfc07, 0x0000, 0xbdd7, 0xfc01, 0xffff, 0x4228, 0xfc04, 0x0000, 0x1082, 0x0000, 0x52aa, 0xfc01, 0xffff, 0xbdd7, 0xfc02, 0x0000, 0xfc07, 0xffff, 0x4228, 0x0000, 0x632c, 0xfc02, 0xffff, 0xef7d, 0x2104, 0xfc05, 0x0000, 0x4228, 0xfc02, 0xffff, 0x9cd3, 0x0000, 0x2104, 0xfc27, 0xffff, 
0xfc0d, 0xffff, 0xce79, 0x632c, 0xfc03, 0x0000, 0x4228, 0xad55, 0xfc04, 0xffff, 0x2104, 0x0000, 0x8c51, 0x73ae, 0xfc02, 0x0000, 0x632c, 0xef7d, 0xfc03, 0xffff, 0xdefb, 0x632c, 0xfc03, 0x0000, 0x73ae, 0xef7d, 0xfc01, 0xffff, 0xdefb, 0xfc02, 0x0000, 0xdefb, 0xfc03, 0xffff, 0xdefb, 0x4228, 0xfc02, 0x0000, 0x8c51, 0xad55, 0x0000, 0x1082, 0xef7d, 0xfc01, 0xffff, 0x9cd3, 0xfc02, 0x0000, 0x4228, 0xfc02, 0xffff, 0xce79, 0x632c, 0xfc02, 0x0000, 0x2104, 0x9cd3, 0xfc03, 0xffff, 0x632c, 0x0000, 0x632c, 0xfc09, 0xffff, 0x9cd3, 0x3186, 0xfc02, 0x0000, 0x1082, 0x8c51, 0xfc07, 0xffff, 0x8c51, 0x0000, 0x4228, 0xfc02, 0xffff, 0x52aa, 0x0000, 0xad55, 0xfc01, 0xffff, 0xdefb, 0xfc02, 0x0000, 0xbdd7, 0xfc02, 0xffff, 0x632c, 0xfc02, 0x0000, 0x52aa, 0xdefb, 0xfc02, 0x0000, 0xbdd7, 0xdefb, 0xfc02, 0x0000, 0xbdd7, 0xfc02, 0xffff, 0x9cd3, 0xfc02, 0x0000, 0xfc03, 0xffff, 0x8c51, 0xfc02, 0x0000, 0x4228, 0xad55, 0xfc02, 0x0000, 0xbdd7, 0xfc01, 0xffff, 0xdefb, 0x4228, 0xfc02, 0x0000, 0x8c51, 0xad55, 0x0000, 0x1082, 0xef7d, 0xbdd7, 0xfc02, 0x0000, 0xfc07, 0xffff, 0x4228, 0x0000, 0x632c, 0xfc03, 0xffff, 0xef7d, 0x8c51, 0xfc03, 0x0000, 0x8c51, 0xfc03, 0xffff, 0x9cd3, 0x0000, 0x2104, 0xfc27, 0xffff, 
0xfc18, 0xffff, 0x2104, 0x0000, 0x8c51, 0xfcc1, 0xffff, 
0xfc18, 0xffff, 0x2104, 0x0000, 0x8c51, 0xfcc1, 0xffff, 
0xfc18, 0xffff, 0x2104, 0x0000, 0x8c51, 0xfcc1, 0xffff, 
0xfc18, 0xffff, 0x2104, 0x0000, 0x8c51, 0xfcc1, 0xffff, 
0xfcdc, 0xffff, 
0xfcdc, 0xffff, 
0xfcdc, 0xffff, 
0xfcdc, 0xffff, 
0xfc0b, 0xffff, 0x4228, 0x0000, 0x8c51, 0xfc0c, 0xffff, 0xce79, 0x3186, 0xfc02, 0x0000, 0x4228, 0xfc2a, 0xffff, 0xad55, 0x4228, 0xdefb, 0xfc02, 0xffff, 0x4228, 0x0000, 0x8c51, 0xfc34, 0xffff, 0xce79, 0x632c, 0x9cd3, 0xfc02, 0xffff, 0x8c51, 0x0000, 0x4228, 0xfc29, 0xffff, 0x8c51, 0xfc03, 0x0000, 0xbdd7, 0xfc21, 0xffff, 
0xfc0b, 0xffff, 0x4228, 0x0000, 0x8c51, 0xfc0c, 0xffff, 0x52aa, 0xfc03, 0x0000, 0x52aa, 0xfc29, 0xffff, 0xdefb, 0xfc02, 0x0000, 0xdefb, 0xfc02, 0xffff, 0x4228, 0x0000, 0x8c51, 0xfc34, 0xffff, 0x2104, 0x0000, 0x9cd3, 0xfc02, 0xffff, 0x8c51, 0x0000, 0x4228, 0xfc28, 0xffff, 0xce79, 0xfc04, 0x0000, 0xce79, 0xfc21, 0xffff, 
0xfc1a, 0xffff, 0x4228, 0x0000, 0x632c, 0xfc2b, 0xffff, 0xdefb, 0xfc02, 0x0000, 0xdefb, 0xfc39, 0xffff, 0x2104, 0x0000, 0x9cd3, 0xfc02, 0xffff, 0x8c51, 0x0000, 0x4228, 0xfc28, 0xffff, 0xbdd7, 0xfc02, 0x0000, 0xdefb, 0xfc23, 0xffff, 
0xfc0b, 0xffff, 0x4228, 0x0000, 0x8c51, 0xfc01, 0xffff, 0x9cd3, 0xfc02, 0x0000, 0xce79, 0x3186, 0xfc02, 0x0000, 0x8c51, 0xfc02, 0xffff, 0xfc05, 0x0000, 0xbdd7, 0xfc01, 0xffff, 0xef7d, 0x73ae, 0xfc03, 0x0000, 0x8c51, 0xfc03, 0xffff, 0x9cd3, 0x0000, 0x2104, 0x8c51, 0x0000, 0x1082, 0xef7d, 0xfc02, 0x0000, 0x8c51, 0x632c, 0xfc02, 0x0000, 0x8c51, 0xfc01, 0xffff, 0x8c51, 0xfc02, 0x0000, 0x52aa, 0xef7d, 0xfc03, 0xffff, 0xad55, 0x2104, 0xfc02, 0x0000, 0x1082, 0x9cd3, 0xfc01, 0xffff, 0xbdd7, 0xfc04, 0x0000, 0x4228, 0xfc01, 0xffff, 0x4228, 0x0000, 0x8c51, 0xfc03, 0xffff, 0x8c51, 0x1082, 0xfc02, 0x0000, 0x632c, 0xdefb, 0xfc02, 0xffff, 0xdefb, 0xfc02, 0x0000, 0xad55, 0x52aa, 0xfc02, 0x0000, 0x52aa, 0xef7d, 0xfc08, 0xffff, 0xad55, 0x3186, 0xfc02, 0x0000, 0x4228, 0xbdd7, 0xfc03, 0xffff, 0x2104, 0x0000, 0xfc02, 0x8c51, 0xfc02, 0x0000, 0x3186, 0xce79, 0xfc06, 0xffff, 0xfc05, 0x0000, 0xfc01, 0xffff, 0x8c51, 0x0000, 0x4228, 0xce79, 0x3186, 0x0000, 0x2104, 0xbdd7, 0xfc04, 0xffff, 0x8c51, 0xfc02, 0x0000, 0x1082, 0x9cd3, 0xfc08, 0xffff, 0x8c51, 0x1082, 0xfc02, 0x0000, 0x3186, 0xad55, 0xfc04, 0xffff, 0x8c51, 0xfc03, 0x0000, 0x3186, 0xbdd7, 0xfc01, 0xffff, 0x8c51, 0xfc04, 0x0000, 0x4228, 0xfc02, 0xffff, 0x8c51, 0xfc02, 0x0000, 0x1082, 0x9cd3, 0xfc1b, 0xffff, 
0xfc0b, 0xffff, 0x4228, 0x0000, 0x8c51, 0xfc01, 0xffff, 0x9cd3, 0xfc07, 0x0000, 0x9cd3, 0xfc01, 0xffff, 0xfc05, 0x0000, 0xbdd7, 0xef7d, 0x3186, 0xfc05, 0x0000, 0x3186, 0xfc02, 0xffff, 0x9cd3, 0xfc04, 0x0000, 0x1082, 0xfc01, 0xffff, 0xfc07, 0x0000, 0x3186, 0xfc04, 0x0000, 0x632c, 0xfc02, 0xffff, 0xbdd7, 0xfc06, 0x0000, 0x9cd3, 0xbdd7, 0xfc04, 0x0000, 0x4228, 0xfc01, 0xffff, 0x4228, 0x0000, 0x8c51, 0xfc02, 0xffff, 0x632c, 0xfc05, 0x0000, 0x1082, 0xdefb, 0xfc01, 0xffff, 0xdefb, 0xfc07, 0x0000, 0x632c, 0xfc07, 0xffff, 0x9cd3, 0xfc06, 0x0000, 0xad55, 0xfc02, 0xffff, 0x2104, 0xfc06, 0x0000, 0x2104, 0xfc06, 0xffff, 0xfc05, 0x0000, 0xfc01, 0xffff, 0x8c51, 0x0000, 0x2104, 0x1082, 0xfc04, 0x0000, 0xef7d, 0xfc02, 0xffff, 0x52aa, 0xfc05, 0x0000, 0x8c51, 0xfc06, 0xffff, 0x8c51, 0xfc06, 0x0000, 0xce79, 0xfc02, 0xffff, 0x8c51, 0xfc06, 0x0000, 0xdefb, 0x8c51, 0xfc04, 0x0000, 0x4228, 0xfc01, 0xffff, 0x52aa, 0xfc05, 0x0000, 0x8c51, 0xfc1a, 0xffff, 
0xfc0b, 0xffff, 0x4228, 0x0000, 0x8c51, 0xfc01, 0xffff, 0x9cd3, 0xfc02, 0x0000, 0x4228, 0xfc01, 0xffff, 0xdefb, 0x1082, 0x0000, 0x632c, 0xfc02, 0xffff, 0x4228, 0x0000, 0x632c, 0xfc02, 0xffff, 0x8c51, 0xfc02, 0x0000, 0xbdd7, 0xfc01, 0xffff, 0xad55, 0xfc02, 0x0000, 0x8c51, 0xfc01, 0xffff, 0x9cd3, 0xfc02, 0x0000, 0x73ae, 0xfc01, 0xffff, 0xce79, 0xfc01, 0xffff, 0xfc02, 0x0000, 0x2104, 0xdefb, 0xef7d, 0x1082, 0xfc02, 0x0000, 0x9cd3, 0xfc01, 0xffff, 0x52aa, 0x0000, 0x1082, 0xfc02, 0xffff, 0x52aa, 0x0000, 0x73ae, 0xfc02, 0xffff, 0x2104, 0x0000, 0x632c, 0xfc01, 0xffff, 0xdefb, 0xfc02, 0x0000, 0xdefb, 0xfc02, 0xffff, 0x4228, 0x0000, 0x8c51, 0xfc01, 0xffff, 0xbdd7, 0xfc02, 0x0000, 0x8c51, 0xfc01, 0xffff, 0xce79, 0x2104, 0x0000, 0x4228, 0xfc01, 0xffff, 0xdefb, 0xfc02, 0x0000, 0x2104, 0xdefb, 0xfc01, 0xffff, 0x3186, 0x0000, 0x2104, 0xfc06, 0xffff, 0xef7d, 0x1082, 0x0000, 0x4228, 0xfc01, 0xffff, 0xef7d, 0x4228, 0x0000, 0x1082, 0xef7d, 0xfc01, 0xffff, 0x2104, 0xfc02, 0x0000, 0xbdd7, 0xfc01, 0xffff, 0x73ae, 0xfc02, 0x0000, 0xdefb, 0xfc06, 0xffff, 0x2104, 0x0000, 0x9cd3, 0xfc02, 0xffff, 0x8c51, 0xfc02, 0x0000, 0x8c51, 0xfc01, 0xffff, 0xce79, 0xfc02, 0x0000, 0x9cd3, 0xfc01, 0xffff, 0xbdd7, 0xfc02, 0x0000, 0xbdd7, 0xfc01, 0xffff, 0x9cd3, 0xfc02, 0x0000, 0xef7d, 0xfc05, 0xffff, 0x3186, 0x0000, 0x632c, 0xfc02, 0xffff, 0x3186, 0x0000, 0x52aa, 0xfc02, 0xffff, 0x1082, 0x0000, 0xad55, 0xfc01, 0xffff, 0xdefb, 0xfc02, 0x0000, 0x9cd3, 0xfc01, 0xffff, 0xbdd7, 0xfc02, 0x0000, 0xdefb, 0xfc01, 0xffff, 0xbdd7, 0xfc02, 0x0000, 0xbdd7, 0xfc01, 0xffff, 0x9cd3, 0xfc02, 0x0000, 0xef7d, 0xfc19, 0xffff, 
0xfc0b, 0xffff, 0x4228, 0x0000, 0x8c51, 0xfc01, 0xffff, 0x9cd3, 0xfc02, 0x0000, 0xef7d, 0xfc02, 0xffff, 0x632c, 0x0000, 0x4228, 0xfc02, 0xffff, 0x4228, 0x0000, 0x632c, 0xfc02, 0xffff, 0x1082, 0x0000, 0x73ae, 0xfc03, 0xffff, 0x632c, 0x0000, 0x3186, 0xfc01, 0xffff, 0x9cd3, 0xfc02, 0x0000, 0xef7d, 0xfc03, 0xffff, 0xfc02, 0x0000, 0x8c51, 0xfc02, 0xffff, 0x4228, 0x0000, 0x3186, 0xfc02, 0xffff, 0x9cd3, 0xfc02, 0x0000, 0xfc04, 0xffff, 0xce79, 0x8c51, 0x52aa, 0xfc02, 0x0000, 0x632c, 0xfc01, 0xffff, 0xdefb, 0xfc02, 0x0000, 0xdefb, 0xfc02, 0xffff, 0x4228, 0x0000, 0x8c51, 0xfc01, 0xffff, 0x52aa, 0x0000, 0x3186, 0xfc03, 0xffff, 0x9cd3, 0xfc02, 0x0000, 0xef7d, 0xdefb, 0xfc02, 0x0000, 0xad55, 0xfc02, 0xffff, 0x9cd3, 0xfc02, 0x0000, 0xfc06, 0xffff, 0x8c51, 0xfc02, 0x0000, 0xef7d, 0xfc02, 0xffff, 0xdefb, 0xfc02, 0x0000, 0xad55, 0xfc01, 0xffff, 0x2104, 0x0000, 0x73ae, 0xfc02, 0xffff, 0xdefb, 0xfc02, 0x0000, 0xbdd7, 0xfc06, 0xffff, 0x2104, 0x0000, 0x9cd3, 0xfc02, 0xffff, 0x8c51, 0x0000, 0x1082, 0xfc03, 0xffff, 0x2104, 0x0000, 0x8c51, 0xfc01, 0xffff, 0x73ae, 0x0000, 0x4228, 0xfc03, 0xffff, 0x2104, 0x0000, 0xad55, 0xfc05, 0xffff, 0x3186, 0x0000, 0x1082, 0x8c51, 0xce79, 0xfc07, 0xffff, 0xad55, 0x8c51, 0x3186, 0xfc02, 0x0000, 0x9cd3, 0xfc01, 0xffff, 0xbdd7, 0xfc02, 0x0000, 0xdefb, 0xfc01, 0xffff, 0x73ae, 0x0000, 0x4228, 0xfc03, 0xffff, 0x2104, 0x0000, 0xad55, 0xfc19, 0xffff, 
0xfc0b, 0xffff, 0x4228, 0x0000, 0x8c51, 0xfc01, 0xffff, 0x9cd3, 0xfc02, 0x0000, 0xfc03, 0xffff, 0x632c, 0x0000, 0x4228, 0xfc02, 0xffff, 0x4228, 0x0000, 0x632c, 0xfc01, 0xffff, 0xef7d, 0xfc02, 0x0000, 0x9cd3, 0xfc03, 0xffff, 0x9cd3, 0xfc02, 0x0000, 0xfc01, 0xffff, 0x9cd3, 0x0000, 0x1082, 0xfc04, 0xffff, 0xfc02, 0x0000, 0x9cd3, 0xfc02, 0xffff, 0x4228, 0x0000, 0x4228, 0xfc02, 0xffff, 0x9cd3, 0xfc02, 0x0000, 0xfc02, 0xffff, 0xce79, 0x2104, 0xfc05, 0x0000, 0x632c, 0xfc01, 0xffff, 0xdefb, 0xfc02, 0x0000, 0xdefb, 0xfc02, 0xffff, 0x4228, 0x0000, 0x8c51, 0xfc01, 0xffff, 0x3186, 0x0000, 0x632c, 0xfc03, 0xffff, 0xdefb, 0xfc02, 0x0000, 0xbdd7, 0xdefb, 0xfc02, 0x0000, 0xbdd7, 0xfc02, 0xffff, 0x9cd3, 0xfc02, 0x0000, 0xfc06, 0xffff, 0x73ae, 0x0000, 0x2104, 0xfc04, 0xffff, 0x2104, 0x0000, 0x8c51, 0xfc01, 0xffff, 0x2104, 0x0000, 0x8c51, 0xfc02, 0xffff, 0xdefb, 0xfc02, 0x0000, 0xbdd7, 0xfc06, 0xffff, 0x2104, 0x0000, 0x9cd3, 0xfc02, 0xffff, 0x8c51, 0x0000, 0x4228, 0xfc03, 0xffff, 0x4228, 0x0000, 0x8c51, 0xfc01, 0xffff, 0x52aa, 0xfc07, 0x0000, 0x8c51, 0xfc05, 0xffff, 0xad55, 0xfc05, 0x0000, 0x73ae, 0xef7d, 0xfc02, 0xffff, 0xad55, 0xfc06, 0x0000, 0x9cd3, 0xfc01, 0xffff, 0xbdd7, 0xfc02, 0x0000, 0xdefb, 0xfc01, 0xffff, 0x52aa, 0xfc07, 0x0000, 0x8c51, 0xfc19, 0xffff, 
0xfc0b, 0xffff, 0x4228, 0x0000, 0x8c51, 0xfc01, 0xffff, 0x9cd3, 0xfc02, 0x0000, 0xfc03, 0xffff, 0x632c, 0x0000, 0x4228, 0xfc02, 0xffff, 0x4228, 0x0000, 0x632c, 0xfc01, 0xffff, 0xef7d, 0xfc02, 0x0000, 0x9cd3, 0xfc03, 0xffff, 0x9cd3, 0xfc02, 0x0000, 0xfc01, 0xffff, 0x9cd3, 0x0000, 0x2104, 0xfc04, 0xffff, 0xfc02, 0x0000, 0x9cd3, 0xfc02, 0xffff, 0x4228, 0x0000, 0x4228, 0xfc02, 0xffff, 0x9cd3, 0xfc02, 0x0000, 0xfc02, 0xffff, 0x2104, 0x0000, 0x2104, 0x8c51, 0xce79, 0x4228, 0x0000, 0x632c, 0xfc01, 0xffff, 0xdefb, 0xfc02, 0x0000, 0xdefb, 0xfc02, 0xffff, 0x4228, 0x0000, 0x8c51, 0xfc01, 0xffff, 0x3186, 0x0000, 0x632c, 0xfc03, 0xffff, 0xdefb, 0xfc02, 0x0000, 0xbdd7, 0xdefb, 0xfc02, 0x0000, 0xbdd7, 0xfc02, 0xffff, 0x9cd3, 0xfc02, 0x0000, 0xfc06, 0xffff, 0x73ae, 0x0000, 0x2104, 0xfc04, 0xffff, 0x2104, 0x0000, 0x8c51, 0xfc01, 0xffff, 0x2104, 0x0000, 0x8c51, 0xfc02, 0xffff, 0xdefb, 0xfc02, 0x0000, 0xbdd7, 0xfc06, 0xffff, 0x2104, 0x0000, 0x9cd3, 0xfc02, 0xffff, 0x8c51, 0x0000, 0x4228, 0xfc03, 0xffff, 0x4228, 0x0000, 0x8c51, 0xfc01, 0xffff, 0x52aa, 0xfc07, 0x0000, 0x632c, 0xfc06, 0xffff, 0xbdd7, 0x73ae, 0xfc04, 0x0000, 0x3186, 0xfc01, 0xffff, 0xdefb, 0xfc02, 0x0000, 0x4228, 0x8c51, 0xef7d, 0xfc02, 0x0000, 0x9cd3, 0xfc01, 0xffff, 0xbdd7, 0xfc02, 0x0000, 0xdefb, 0xfc01, 0xffff, 0x52aa, 0xfc07, 0x0000, 0x632c, 0xfc19, 0xffff, 
0xfc0b, 0xffff, 0x4228, 0x0000, 0x8c51, 0xfc01, 0xffff, 0x9cd3, 0xfc02, 0x0000, 0xfc03, 0xffff, 0x632c, 0x0000, 0x4228, 0xfc02, 0xffff, 0x4228, 0x0000, 0x632c, 0xfc02, 0xffff, 0x1082, 0x0000, 0x73ae, 0xfc03, 0xffff, 0x632c, 0x0000, 0x3186, 0xfc01, 0xffff, 0x9cd3, 0x0000, 0x2104, 0xfc04, 0xffff, 0xfc02, 0x0000, 0x9cd3, 0xfc02, 0xffff, 0x4228, 0x0000, 0x4228, 0xfc02, 0xffff, 0x9cd3, 0xfc02, 0x0000, 0xfc01, 0xffff, 0xdefb, 0xfc02, 0x0000, 0xad55, 0xfc02, 0xffff, 0x3186, 0x0000, 0x632c, 0xfc01, 0xffff, 0xdefb, 0xfc02, 0x0000, 0xdefb, 0xfc02, 0xffff, 0x4228, 0x0000, 0x8c51, 0xfc01, 0xffff, 0x52aa, 0x0000, 0x3186, 0xfc03, 0xffff, 0x9cd3, 0xfc02, 0x0000, 0xef7d, 0xdefb, 0xfc02, 0x0000, 0xbdd7, 0xfc02, 0xffff, 0x9cd3, 0xfc02, 0x0000, 0xfc06, 0xffff, 0x8c51, 0xfc02, 0x0000, 0xef7d, 0xfc02, 0xffff, 0xdefb, 0xfc02, 0x0000, 0xad55, 0xfc01, 0xffff, 0x2104, 0x0000, 0x8c51, 0xfc02, 0xffff, 0xdefb, 0xfc02, 0x0000, 0xbdd7, 0xfc06, 0xffff, 0x2104, 0x0000, 0x9cd3, 0xfc02, 0xffff, 0x8c51, 0x0000, 0x4228, 0xfc03, 0xffff, 0x4228, 0x0000, 0x8c51, 0xfc01, 0xffff, 0x73ae, 0x0000, 0x4228, 0xfc0f, 0xffff, 0xef7d, 0x632c, 0xfc02, 0x0000, 0xdefb, 0x9cd3, 0xfc02, 0x0000, 0xef7d, 0xfc01, 0xffff, 0xef7d, 0xfc02, 0x0000, 0x9cd3, 0xfc01, 0xffff, 0xbdd7, 0xfc02, 0x0000, 0xdefb, 0xfc01, 0xffff, 0x73ae, 0x0000, 0x4228, 0xfc1f, 0xffff, 
0xfc0b, 0xffff, 0x4228, 0x0000, 0x8c51, 0xfc01, 0xffff, 0x9cd3, 0xfc02, 0x0000, 0xfc03, 0xffff, 0x632c, 0x0000, 0x4228, 0xfc02, 0xffff, 0x4228, 0x0000, 0x632c, 0xfc02, 0xffff, 0x73ae, 0xfc02, 0x0000, 0xbdd7, 0xfc01, 0xffff, 0xad55, 0xfc02, 0x0000, 0x8c51, 0xfc01, 0xffff, 0x9cd3, 0x0000, 0x2104, 0xfc04, 0xffff, 0xfc02, 0x0000, 0x9cd3, 0xfc02, 0xffff, 0x4228, 0x0000, 0x4228, 0xfc02, 0xffff, 0x9cd3, 0xfc02, 0x0000, 0xfc01, 0xffff, 0xdefb, 0xfc02, 0x0000, 0x73ae, 0xfc01, 0xffff, 0x9cd3, 0xfc02, 0x0000, 0x632c, 0xfc01, 0xffff, 0xdefb, 0xfc02, 0x0000, 0xce79, 0xfc02, 0xffff, 0x4228, 0x0000, 0x8c51, 0xfc01, 0xffff, 0xad55, 0xfc02, 0x0000, 0x8c51, 0xfc01, 0xffff, 0xce79, 0x2104, 0x0000, 0x4228, 0xfc01, 0xffff, 0xdefb, 0xfc02, 0x0000, 0xbdd7, 0xfc02, 0xffff, 0x9cd3, 0xfc02, 0x0000, 0xfc06, 0xffff, 0xef7d, 0xfc02, 0x0000, 0x4228, 0xfc01, 0xffff, 0xef7d, 0x4228, 0x0000, 0x1082, 0xef7d, 0xfc01, 0xffff, 0x2104, 0x0000, 0x8c51, 0xfc02, 0xffff, 0xdefb, 0xfc02, 0x0000, 0xbdd7, 0xfc06, 0xffff, 0x2104, 0x0000, 0x8c51, 0xfc02, 0xffff, 0x8c51, 0x0000, 0x4228, 0xfc03, 0xffff, 0x4228, 0x0000, 0x8c51, 0xfc01, 0xffff, 0xbdd7, 0xfc02, 0x0000, 0xad55, 0xfc09, 0xffff, 0xef7d, 0x1082, 0x0000, 0x73ae, 0xfc02, 0xffff, 0x8c51, 0xfc02, 0x0000, 0xef7d, 0x9cd3, 0xfc02, 0x0000, 0xad55, 0xfc01, 0xffff, 0x632c, 0xfc02, 0x0000, 0x9cd3, 0xfc01, 0xffff, 0xbdd7, 0xfc02, 0x0000, 0xdefb, 0xfc01, 0xffff, 0xbdd7, 0xfc02, 0x0000, 0xad55, 0xfc1e, 0xffff, 
0xfc0b, 0xffff, 0x4228, 0x0000, 0x8c51, 0xfc01, 0xffff, 0x9cd3, 0xfc02, 0x0000, 0xfc03, 0xffff, 0x632c, 0x0000, 0x4228, 0xfc02, 0xffff, 0x4228, 0x0000, 0x632c, 0xfc02, 0xffff, 0xef7d, 0x2104, 0xfc05, 0x0000, 0x4228, 0xfc02, 0xffff, 0x9cd3, 0x0000, 0x2104, 0xfc04, 0xffff, 0xfc02, 0x0000, 0x9cd3, 0xfc02, 0xffff, 0x4228, 0x0000, 0x4228, 0xfc02, 0xffff, 0x9cd3, 0xfc02, 0x0000, 0xfc02, 0xffff, 0x4228, 0xfc04, 0x0000, 0x1082, 0x0000, 0x52aa, 0xfc01, 0xffff, 0xef7d, 0xfc03, 0x0000, 0x2104, 0xfc01, 0xffff, 0x4228, 0x0000, 0x8c51, 0xfc02, 0xffff, 0x52aa, 0xfc05, 0x0000, 0x2104, 0xdefb, 0xfc01, 0xffff, 0xdefb, 0xfc02, 0x0000, 0xbdd7, 0xfc02, 0xffff, 0x9cd3, 0xfc02, 0x0000, 0xfc07, 0xffff, 0x8c51, 0xfc06, 0x0000, 0xbdd7, 0xfc02, 0xffff, 0x2104, 0x0000, 0x8c51, 0xfc02, 0xffff, 0xdefb, 0xfc02, 0x0000, 0xbdd7, 0xfc06, 0xffff, 0x3186, 0xfc03, 0x0000, 0xdefb, 0x8c51, 0x0000, 0x4228, 0xfc03, 0xffff, 0x4228, 0x0000, 0x8c51, 0xfc02, 0xffff, 0x52aa, 0xfc05, 0x0000, 0x1082, 0xdefb, 0xfc05, 0xffff, 0x8c51, 0xfc06, 0x0000, 0x73ae, 0xfc01, 0xffff, 0xef7d, 0x1082, 0xfc04, 0x0000, 0x1082, 0x0000, 0x8c51, 0xfc01, 0xffff, 0xbdd7, 0xfc02, 0x0000, 0xdefb, 0xfc02, 0xffff, 0x52aa, 0xfc05, 0x0000, 0x1082, 0xdefb, 0xfc19, 0xffff, 
0xfc0b, 0xffff, 0x4228, 0x0000, 0x8c51, 0xfc01, 0xffff, 0x9cd3, 0xfc02, 0x0000, 0xfc03, 0xffff, 0x632c, 0x0000, 0x4228, 0xfc02, 0xffff, 0x4228, 0x0000, 0x632c, 0xfc03, 0xffff, 0xef7d, 0x8c51, 0xfc03, 0x0000, 0x8c51, 0xfc03, 0xffff, 0x9cd3, 0x0000, 0x2104, 0xfc04, 0xffff, 0xfc02, 0x0000, 0x9cd3, 0xfc02, 0xffff, 0x4228, 0x0000, 0x4228, 0xfc02, 0xffff, 0x9cd3, 0xfc02, 0x0000, 0xfc02, 0xffff, 0xdefb, 0x4228, 0xfc02, 0x0000, 0x8c51, 0xad55, 0x0000, 0x1082, 0xef7d, 0xfc01, 0xffff, 0x9cd3, 0xfc02, 0x0000, 0x4228, 0xfc01, 0xffff, 0x4228, 0x0000, 0x8c51, 0xfc03, 0xffff, 0x8c51, 0x2104, 0xfc02, 0x0000, 0x632c, 0xdefb, 0xfc02, 0xffff, 0xdefb, 0xfc02, 0x0000, 0xbdd7, 0xfc02, 0xffff, 0x9cd3, 0xfc02, 0x0000, 0xfc08, 0xffff, 0xad55, 0x4228, 0xfc02, 0x0000, 0x4228, 0xbdd7, 0xfc03, 0xffff, 0x2104, 0x0000, 0x8c51, 0xfc02, 0xffff, 0xdefb, 0xfc02, 0x0000, 0xbdd7, 0xfc06, 0xffff, 0xbdd7, 0x2104, 0x0000, 0x1082, 0xef7d, 0x8c51, 0x0000, 0x4228, 0xfc03, 0xffff, 0x4228, 0x0000, 0x8c51, 0xfc03, 0xffff, 0x8c51, 0xfc03, 0x0000, 0x52aa, 0xce79, 0xfc07, 0xffff, 0x9cd3, 0x3186, 0xfc02, 0x0000, 0x1082, 0x8c51, 0xfc03, 0xffff, 0xbdd7, 0x2104, 0x0000, 0x1082, 0xad55, 0x73ae, 0x0000, 0x4228, 0xfc01, 0xffff, 0xbdd7, 0xfc02, 0x0000, 0xdefb, 0xfc03, 0xffff, 0x8c51, 0xfc03, 0x0000, 0x52aa, 0xce79, 0xfc1a, 0xffff, 
0xfcdc, 0xffff, 
0xfcdc, 0xffff, 
0xfcdc, 0xffff, 
0xfcdc, 0xffff, 
0xfcdc, 0xffff, 
0xfcdc, 0xffff, 
0xfcdc, 0xffff, 
0xfcdc, 0xffff, 
0xfc39, 0xffff, 0xce79, 0x632c, 0x9cd3, 0xfc02, 0xffff, 0x8c51, 0x0000, 0x4228, 0xfc26, 0xffff, 0x8c51, 0xfc03, 0x0000, 0xbdd7, 0xfc05, 0xffff, 0x8c51, 0x4228, 0xfc03, 0xffff, 0xfc02, 0x0000, 0xbdd7, 0xfc15, 0xffff, 0x4228, 0xfc07, 0x0000, 0x632c, 0xfc12, 0xffff, 0x2104, 0x0000, 0x8c51, 0xfc06, 0xffff, 0xbdd7, 0xfc02, 0x0000, 0xfc02, 0xffff, 0x4228, 0x0000, 0x8c51, 0xfc02, 0xffff, 0xad55, 0x1082, 0xfc02, 0x0000, 0x8c51, 0xef7d, 0x8c51, 0x632c, 0xfc18, 0xffff, 
0xfc39, 0xffff, 0x2104, 0x0000, 0x9cd3, 0xfc02, 0xffff, 0x8c51, 0x0000, 0x4228, 0xfc25, 0xffff, 0xce79, 0xfc04, 0x0000, 0xce79, 0xfc04, 0xffff, 0x9cd3, 0x0000, 0x2104, 0xfc03, 0xffff, 0xfc02, 0x0000, 0xbdd7, 0xfc15, 0xffff, 0x4228, 0xfc07, 0x0000, 0x632c, 0xfc12, 0xffff, 0x2104, 0x0000, 0x8c51, 0xfc06, 0xffff, 0xbdd7, 0xfc02, 0x0000, 0xfc02, 0xffff, 0x4228, 0x0000, 0x8c51, 0xfc02, 0xffff, 0x1082, 0xfc03, 0x0000, 0x8c51, 0x632c, 0x0000, 0x632c, 0xfc18, 0xffff, 
0xfc39, 0xffff, 0x2104, 0x0000, 0x9cd3, 0xfc2a, 0xffff, 0xbdd7, 0xfc02, 0x0000, 0xdefb, 0xfc06, 0xffff, 0x9cd3, 0x0000, 0x2104, 0xfc03, 0xffff, 0xfc02, 0x0000, 0xbdd7, 0xfc15, 0xffff, 0x4228, 0x0000, 0x632c, 0xfc18, 0xffff, 0x2104, 0x0000, 0x8c51, 0xfc06, 0xffff, 0xbdd7, 0xfc02, 0x0000, 0xfc07, 0xffff, 0xfc02, 0x0000, 0x9cd3, 0xfc02, 0xffff, 0x632c, 0x0000, 0x632c, 0xfc18, 0xffff, 
0xfc0c, 0xffff, 0xce79, 0x52aa, 0xfc02, 0x0000, 0x2104, 0x9cd3, 0xfc03, 0xffff, 0x632c, 0x0000, 0x4228, 0x9cd3, 0xfc02, 0x0000, 0x3186, 0xce79, 0xfc03, 0xffff, 0xef7d, 0x632c, 0xfc02, 0x0000, 0x3186, 0xbdd7, 0xfc02, 0xffff, 0xdefb, 0xfc02, 0x0000, 0x9cd3, 0xfc02, 0x0000, 0xbdd7, 0xfc01, 0xffff, 0xad55, 0x2104, 0xfc02, 0x0000, 0x1082, 0x9cd3, 0xfc02, 0xffff, 0xfc05, 0x0000, 0xfc01, 0xffff, 0x8c51, 0x0000, 0x4228, 0xfc03, 0xffff, 0xad55, 0x3186, 0xfc02, 0x0000, 0x4228, 0xbdd7, 0xfc03, 0xffff, 0x2104, 0x0000, 0xfc02, 0x8c51, 0xfc02, 0x0000, 0x3186, 0xce79, 0xfc08, 0xffff, 0xce79, 0x52aa, 0xfc02, 0x0000, 0x2104, 0x9cd3, 0xfc02, 0xffff, 0x8c51, 0xfc04, 0x0000, 0x4228, 0xfc04, 0xffff, 0x8c51, 0xfc04, 0x0000, 0x8c51, 0xfc01, 0xffff, 0xfc02, 0x0000, 0xbdd7, 0x8c51, 0xfc02, 0x0000, 0x632c, 0xfc04, 0xffff, 0xad55, 0x2104, 0xfc02, 0x0000, 0x73ae, 0xfc08, 0xffff, 0x4228, 0x0000, 0x632c, 0xfc08, 0xffff, 0xef7d, 0x73ae, 0xfc03, 0x0000, 0x8c51, 0xfc03, 0xffff, 0x9cd3, 0x0000, 0x2104, 0x8c51, 0x0000, 0x1082, 0xef7d, 0x2104, 0x0000, 0x8c51, 0xfc01, 0xffff, 0xdefb, 0x1082, 0x0000, 0x632c, 0xfc01, 0xffff, 0xbdd7, 0xfc02, 0x0000, 0xfc02, 0xffff, 0x4228, 0x0000, 0x8c51, 0xbdd7, 0xfc05, 0x0000, 0x4228, 0xfc04, 0x0000, 0xbdd7, 0xfc16, 0xffff, 
0xfc0b, 0xffff, 0xce79, 0x1082, 0xfc05, 0x0000, 0x73ae, 0xfc02, 0xffff, 0x632c, 0xfc06, 0x0000, 0x1082, 0xdefb, 0xfc01, 0xffff, 0xef7d, 0x2104, 0xfc05, 0x0000, 0xce79, 0xfc01, 0xffff, 0xdefb, 0xfc05, 0x0000, 0xce79, 0xbdd7, 0xfc06, 0x0000, 0x9cd3, 0xfc01, 0xffff, 0xfc05, 0x0000, 0xfc01, 0xffff, 0x8c51, 0x0000, 0x4228, 0xfc02, 0xffff, 0x9cd3, 0xfc06, 0x0000, 0xad55, 0xfc02, 0xffff, 0x2104, 0xfc06, 0x0000, 0x2104, 0xfc07, 0xffff, 0xce79, 0x1082, 0xfc05, 0x0000, 0x73ae, 0xfc01, 0xffff, 0x8c51, 0xfc04, 0x0000, 0x4228, 0xfc04, 0xffff, 0x8c51, 0xfc04, 0x0000, 0x8c51, 0xfc01, 0xffff, 0xfc02, 0x0000, 0x3186, 0xfc04, 0x0000, 0x73ae, 0xfc02, 0xffff, 0x8c51, 0xfc05, 0x0000, 0x52aa, 0xfc07, 0xffff, 0x4228, 0x0000, 0x632c, 0xfc07, 0xffff, 0xef7d, 0x3186, 0xfc05, 0x0000, 0x3186, 0xfc02, 0xffff, 0x9cd3, 0xfc04, 0x0000, 0x1082, 0xfc01, 0xffff, 0x2104, 0x0000, 0x8c51, 0xef7d, 0x3186, 0x0000, 0x3186, 0xfc02, 0xffff, 0xbdd7, 0xfc02, 0x0000, 0xfc02, 0xffff, 0x4228, 0x0000, 0x8c51, 0xbdd7, 0xfc05, 0x0000, 0x4228, 0xfc04, 0x0000, 0xbdd7, 0xfc16, 0xffff, 
0xfc0b, 0xffff, 0x4228, 0x0000, 0x2104, 0xdefb, 0xfc01, 0xffff, 0x73ae, 0xfc02, 0x0000, 0xbdd7, 0xfc01, 0xffff, 0x632c, 0xfc02, 0x0000, 0x8c51, 0xfc01, 0xffff, 0xbdd7, 0x1082, 0x0000, 0x73ae, 0xfc01, 0xffff, 0x8c51, 0x0000, 0x2104, 0xdefb, 0xfc01, 0xffff, 0x632c, 0x0000, 0x3186, 0xfc01, 0xffff, 0xdefb, 0xfc02, 0x0000, 0x3186, 0xfc01, 0xffff, 0xce79, 0xfc01, 0xffff, 0x52aa, 0x0000, 0x73ae, 0xfc02, 0xffff, 0x2104, 0x0000, 0x632c, 0xfc02, 0xffff, 0x2104, 0x0000, 0x9cd3, 0xfc02, 0xffff, 0x8c51, 0x0000, 0x4228, 0xfc01, 0xffff, 0xef7d, 0x1082, 0x0000, 0x4228, 0xfc01, 0xffff, 0xef7d, 0x4228, 0x0000, 0x1082, 0xef7d, 0xfc01, 0xffff, 0x2104, 0xfc02, 0x0000, 0xbdd7, 0xfc01, 0xffff, 0x73ae, 0xfc02, 0x0000, 0xdefb, 0xfc06, 0xffff, 0x4228, 0x0000, 0x2104, 0xdefb, 0xfc01, 0xffff, 0x73ae, 0xfc02, 0x0000, 0xbdd7, 0xfc01, 0xffff, 0xbdd7, 0xfc02, 0x0000, 0xdefb, 0xfc06, 0xffff, 0x9cd3, 0x0000, 0x2104, 0xfc03, 0xffff, 0xfc02, 0x0000, 0x2104, 0xdefb, 0xfc01, 0xffff, 0x52aa, 0x0000, 0x2104, 0xfc01, 0xffff, 0xef7d, 0x1082, 0x0000, 0x8c51, 0xfc01, 0xffff, 0xce79, 0x1082, 0x0000, 0xad55, 0xfc06, 0xffff, 0x4228, 0x0000, 0x632c, 0xfc07, 0xffff, 0x8c51, 0xfc02, 0x0000, 0xbdd7, 0xfc01, 0xffff, 0xad55, 0xfc02, 0x0000, 0x8c51, 0xfc01, 0xffff, 0x9cd3, 0xfc02, 0x0000, 0x73ae, 0xfc01, 0xffff, 0xce79, 0xfc01, 0xffff, 0x2104, 0x0000, 0x8c51, 0x52aa, 0x0000, 0x2104, 0xef7d, 0xfc02, 0xffff, 0xbdd7, 0xfc02, 0x0000, 0xfc02, 0xffff, 0x4228, 0x0000, 0x8c51, 0xfc02, 0xffff, 0xfc02, 0x0000, 0x9cd3, 0xfc02, 0xffff, 0x632c, 0x0000, 0x632c, 0xfc18, 0xffff, 
0xfc0a, 0xffff, 0xce79, 0xfc02, 0x0000, 0xad55, 0xfc03, 0xffff, 0x2104, 0x0000, 0x73ae, 0xfc01, 0xffff, 0x632c, 0x0000, 0x3186, 0xfc03, 0xffff, 0x73ae, 0x0000, 0x3186, 0xfc01, 0xffff, 0x3186, 0x0000, 0x8c51, 0xfc02, 0xffff, 0xdefb, 0xfc02, 0x0000, 0xef7d, 0xdefb, 0xfc02, 0x0000, 0xad55, 0xfc05, 0xffff, 0xce79, 0x8c51, 0x52aa, 0xfc02, 0x0000, 0x632c, 0xfc02, 0xffff, 0x2104, 0x0000, 0x9cd3, 0xfc02, 0xffff, 0x8c51, 0x0000, 0x4228, 0xfc01, 0xffff, 0x8c51, 0xfc02, 0x0000, 0xef7d, 0xfc02, 0xffff, 0xdefb, 0xfc02, 0x0000, 0xad55, 0xfc01, 0xffff, 0x2104, 0x0000, 0x73ae, 0xfc02, 0xffff, 0xdefb, 0xfc02, 0x0000, 0xbdd7, 0xfc05, 0xffff, 0xce79, 0xfc02, 0x0000, 0xad55, 0xfc03, 0xffff, 0x2104, 0x0000, 0x73ae, 0xfc01, 0xffff, 0xbdd7, 0xfc02, 0x0000, 0xdefb, 0xfc06, 0xffff, 0x9cd3, 0x0000, 0x2104, 0xfc03, 0xffff, 0xfc02, 0x0000, 0x8c51, 0xfc02, 0xffff, 0x9cd3, 0xfc02, 0x0000, 0xfc01, 0xffff, 0xad55, 0xfc02, 0x0000, 0xfc03, 0xffff, 0x632c, 0x0000, 0x73ae, 0xfc06, 0xffff, 0x4228, 0xfc06, 0x0000, 0x2104, 0xfc02, 0xffff, 0x1082, 0x0000, 0x73ae, 0xfc03, 0xffff, 0x632c, 0x0000, 0x3186, 0xfc01, 0xffff, 0x9cd3, 0xfc02, 0x0000, 0xef7d, 0xfc03, 0xffff, 0x2104, 0x0000, 0x1082, 0xfc02, 0x0000, 0xbdd7, 0xfc03, 0xffff, 0xbdd7, 0xfc02, 0x0000, 0xfc02, 0xffff, 0x4228, 0x0000, 0x8c51, 0xfc02, 0xffff, 0xfc02, 0x0000, 0x9cd3, 0xfc02, 0xffff, 0x632c, 0x0000, 0x632c, 0xfc18, 0xffff, 
0xfc0a, 0xffff, 0xad55, 0xfc02, 0x0000, 0xdefb, 0xfc03, 0xffff, 0x632c, 0x0000, 0x4228, 0xfc01, 0xffff, 0x632c, 0x0000, 0x632c, 0xfc03, 0xffff, 0x9cd3, 0xfc02, 0x0000, 0xfc01, 0xffff, 0x1082, 0xfc07, 0x0000, 0xbdd7, 0xdefb, 0xfc02, 0x0000, 0xce79, 0xfc03, 0xffff, 0xce79, 0x2104, 0xfc05, 0x0000, 0x632c, 0xfc02, 0xffff, 0x2104, 0x0000, 0x9cd3, 0xfc02, 0xffff, 0x8c51, 0x0000, 0x4228, 0xfc01, 0xffff, 0x73ae, 0x0000, 0x2104, 0xfc04, 0xffff, 0x2104, 0x0000, 0x8c51, 0xfc01, 0xffff, 0x2104, 0x0000, 0x8c51, 0xfc02, 0xffff, 0xdefb, 0xfc02, 0x0000, 0xbdd7, 0xfc05, 0xffff, 0xad55, 0xfc02, 0x0000, 0xdefb, 0xfc03, 0xffff, 0x632c, 0x0000, 0x4228, 0xfc01, 0xffff, 0xbdd7, 0xfc02, 0x0000, 0xdefb, 0xfc06, 0xffff, 0x9cd3, 0x0000, 0x2104, 0xfc03, 0xffff, 0xfc02, 0x0000, 0xbdd7, 0xfc02, 0xffff, 0xbdd7, 0xfc02, 0x0000, 0xfc01, 0xffff, 0x8c51, 0xfc07, 0x0000, 0x4228, 0xfc06, 0xffff, 0x4228, 0xfc06, 0x0000, 0x2104, 0xfc01, 0xffff, 0xef7d, 0xfc02, 0x0000, 0x9cd3, 0xfc03, 0xffff, 0x9cd3, 0xfc02, 0x0000, 0xfc01, 0xffff, 0x9cd3, 0x0000, 0x1082, 0xfc04, 0xffff, 0x2104, 0xfc04, 0x0000, 0x8c51, 0xfc03, 0xffff, 0xbdd7, 0xfc02, 0x0000, 0xfc02, 0xffff, 0x4228, 0x0000, 0x8c51, 0xfc02, 0xffff, 0xfc02, 0x0000, 0x9cd3, 0xfc02, 0xffff, 0x632c, 0x0000, 0x632c, 0xfc18, 0xffff, 
0xfc0a, 0xffff, 0xad55, 0xfc02, 0x0000, 0xdefb, 0xfc03, 0xffff, 0x632c, 0x0000, 0x4228, 0xfc01, 0xffff, 0x632c, 0x0000, 0x52aa, 0xfc03, 0xffff, 0x9cd3, 0x0000, 0x1082, 0xfc01, 0xffff, 0x1082, 0xfc07, 0x0000, 0x9cd3, 0xdefb, 0xfc02, 0x0000, 0xdefb, 0xfc03, 0xffff, 0x2104, 0x0000, 0x2104, 0x8c51, 0xce79, 0x4228, 0x0000, 0x632c, 0xfc02, 0xffff, 0x2104, 0x0000, 0x9cd3, 0xfc02, 0xffff, 0x8c51, 0x0000, 0x4228, 0xfc01, 0xffff, 0x73ae, 0x0000, 0x2104, 0xfc04, 0xffff, 0x2104, 0x0000, 0x8c51, 0xfc01, 0xffff, 0x2104, 0x0000, 0x8c51, 0xfc02, 0xffff, 0xdefb, 0xfc02, 0x0000, 0xbdd7, 0xfc05, 0xffff, 0xad55, 0xfc02, 0x0000, 0xdefb, 0xfc03, 0xffff, 0x632c, 0x0000, 0x4228, 0xfc01, 0xffff, 0xbdd7, 0xfc02, 0x0000, 0xdefb, 0xfc06, 0xffff, 0x9cd3, 0x0000, 0x2104, 0xfc03, 0xffff, 0xfc02, 0x0000, 0xbdd7, 0xfc02, 0xffff, 0xbdd7, 0xfc02, 0x0000, 0xfc01, 0xffff, 0x8c51, 0xfc07, 0x0000, 0x2104, 0xfc06, 0xffff, 0x4228, 0x0000, 0x632c, 0xfc06, 0xffff, 0xef7d, 0xfc02, 0x0000, 0x9cd3, 0xfc03, 0xffff, 0x9cd3, 0xfc02, 0x0000, 0xfc01, 0xffff, 0x9cd3, 0x0000, 0x2104, 0xfc04, 0xffff, 0x2104, 0xfc02, 0x0000, 0x4228, 0x0000, 0x1082, 0xef7d, 0xfc02, 0xffff, 0xbdd7, 0xfc02, 0x0000, 0xfc02, 0xffff, 0x4228, 0x0000, 0x8c51, 0xfc02, 0xffff, 0xfc02, 0x0000, 0x9cd3, 0xfc02, 0xffff, 0x632c, 0x0000, 0x632c, 0xfc18, 0xffff, 
0xfc0a, 0xffff, 0xce79, 0xfc02, 0x0000, 0xad55, 0xfc03, 0xffff, 0x2104, 0x0000, 0x73ae, 0xfc01, 0xffff, 0x632c, 0x0000, 0x2104, 0xfc03, 0xffff, 0x73ae, 0x0000, 0x3186, 0xfc01, 0xffff, 0x3186, 0x0000, 0x8c51, 0xfc06, 0xffff, 0xdefb, 0xfc02, 0x0000, 0xdefb, 0xfc02, 0xffff, 0xdefb, 0xfc02, 0x0000, 0xad55, 0xfc02, 0xffff, 0x3186, 0x0000, 0x632c, 0xfc02, 0xffff, 0x2104, 0x0000, 0x9cd3, 0xfc02, 0xffff, 0x8c51, 0x0000, 0x4228, 0xfc01, 0xffff, 0x8c51, 0xfc02, 0x0000, 0xef7d, 0xfc02, 0xffff, 0xdefb, 0xfc02, 0x0000, 0xad55, 0xfc01, 0xffff, 0x2104, 0x0000, 0x8c51, 0xfc02, 0xffff, 0xdefb, 0xfc02, 0x0000, 0xbdd7, 0xfc05, 0xffff, 0xce79, 0xfc02, 0x0000, 0xad55, 0xfc03, 0xffff, 0x2104, 0x0000, 0x73ae, 0xfc01, 0xffff, 0xbdd7, 0xfc02, 0x0000, 0xdefb, 0xfc06, 0xffff, 0x9cd3, 0x0000, 0x2104, 0xfc03, 0xffff, 0xfc02, 0x0000, 0xbdd7, 0xfc02, 0xffff, 0xbdd7, 0xfc02, 0x0000, 0xfc01, 0xffff, 0xad55, 0xfc02, 0x0000, 0xfc0c, 0xffff, 0x4228, 0x0000, 0x632c, 0xfc07, 0xffff, 0x1082, 0x0000, 0x73ae, 0xfc03, 0xffff, 0x632c, 0x0000, 0x3186, 0xfc01, 0xffff, 0x9cd3, 0x0000, 0x2104, 0xfc04, 0xffff, 0x2104, 0x0000, 0x52aa, 0xfc01, 0xffff, 0x2104, 0x0000, 0x8c51, 0xfc02, 0xffff, 0xbdd7, 0xfc02, 0x0000, 0xfc02, 0xffff, 0x4228, 0x0000, 0x8c51, 0xfc02, 0xffff, 0xfc02, 0x0000, 0x9cd3, 0xfc02, 0xffff, 0x632c, 0x0000, 0x632c, 0xfc18, 0xffff, 
0xfc0b, 0xffff, 0x3186, 0x0000, 0x2104, 0xdefb, 0xfc01, 0xffff, 0x73ae, 0xfc02, 0x0000, 0xbdd7, 0xfc01, 0xffff, 0x632c, 0xfc02, 0x0000, 0x8c51, 0xfc01, 0xffff, 0xce79, 0x1082, 0x0000, 0x73ae, 0xfc01, 0xffff, 0x8c51, 0x0000, 0x2104, 0xce79, 0xfc05, 0xffff, 0xdefb, 0xfc02, 0x0000, 0xdefb, 0xfc02, 0xffff, 0xdefb, 0xfc02, 0x0000, 0x73ae, 0xfc01, 0xffff, 0x9cd3, 0xfc02, 0x0000, 0x632c, 0xfc02, 0xffff, 0x2104, 0x0000, 0x8c51, 0xfc02, 0xffff, 0x8c51, 0x0000, 0x4228, 0xfc01, 0xffff, 0xef7d, 0xfc02, 0x0000, 0x4228, 0xfc01, 0xffff, 0xef7d, 0x4228, 0x0000, 0x1082, 0xef7d, 0xfc01, 0xffff, 0x2104, 0x0000, 0x8c51, 0xfc02, 0xffff, 0xdefb, 0xfc02, 0x0000, 0xbdd7, 0xfc06, 0xffff, 0x3186, 0x0000, 0x2104, 0xdefb, 0xfc01, 0xffff, 0x73ae, 0xfc02, 0x0000, 0xbdd7, 0xfc01, 0xffff, 0xbdd7, 0xfc02, 0x0000, 0xdefb, 0xfc06, 0xffff, 0x9cd3, 0x0000, 0x1082, 0xfc03, 0xffff, 0xfc02, 0x0000, 0xbdd7, 0xfc02, 0xffff, 0xbdd7, 0xfc02, 0x0000, 0xfc01, 0xffff, 0xef7d, 0x1082, 0x0000, 0x73ae, 0xfc0b, 0xffff, 0x4228, 0x0000, 0x632c, 0xfc07, 0xffff, 0x73ae, 0xfc02, 0x0000, 0xbdd7, 0xfc01, 0xffff, 0xad55, 0xfc02, 0x0000, 0x8c51, 0xfc01, 0xffff, 0x9cd3, 0x0000, 0x2104, 0xfc04, 0xffff, 0x2104, 0x0000, 0x8c51, 0xfc01, 0xffff, 0x9cd3, 0x0000, 0x1082, 0xef7d, 0xfc01, 0xffff, 0xbdd7, 0xfc02, 0x0000, 0xfc02, 0xffff, 0x4228, 0x0000, 0x8c51, 0xfc02, 0xffff, 0xfc02, 0x0000, 0x9cd3, 0xfc02, 0xffff, 0x632c, 0x0000, 0x52aa, 0xfc18, 0xffff, 
0xfc0b, 0xffff, 0xce79, 0xfc06, 0x0000, 0x8c51, 0xfc02, 0xffff, 0x632c, 0xfc06, 0x0000, 0x1082, 0xdefb, 0xfc01, 0xffff, 0xef7d, 0x2104, 0xfc05, 0x0000, 0x3186, 0xfc01, 0xffff, 0xdefb, 0xfc02, 0x0000, 0xdefb, 0xfc03, 0xffff, 0x4228, 0xfc04, 0x0000, 0x1082, 0x0000, 0x52aa, 0xfc02, 0xffff, 0x3186, 0xfc03, 0x0000, 0xdefb, 0x8c51, 0x0000, 0x4228, 0xfc02, 0xffff, 0x8c51, 0xfc06, 0x0000, 0xbdd7, 0xfc02, 0xffff, 0x2104, 0x0000, 0x8c51, 0xfc02, 0xffff, 0xdefb, 0xfc02, 0x0000, 0xbdd7, 0xfc06, 0xffff, 0xce79, 0xfc06, 0x0000, 0x8c51, 0xfc02, 0xffff, 0xbdd7, 0xfc02, 0x0000, 0xdefb, 0xfc06, 0xffff, 0xad55, 0xfc03, 0x0000, 0x632c, 0xfc01, 0xffff, 0xfc02, 0x0000, 0xbdd7, 0xfc02, 0xffff, 0xbdd7, 0xfc02, 0x0000, 0xfc02, 0xffff, 0x8c51, 0xfc06, 0x0000, 0xad55, 0xfc06, 0xffff, 0x4228, 0x0000, 0x632c, 0xfc07, 0xffff, 0xef7d, 0x2104, 0xfc05, 0x0000, 0x4228, 0xfc02, 0xffff, 0x9cd3, 0x0000, 0x2104, 0xfc04, 0xffff, 0x2104, 0x0000, 0x8c51, 0xfc02, 0xffff, 0x2104, 0x0000, 0x8c51, 0xfc01, 0xffff, 0xbdd7, 0xfc02, 0x0000, 0xfc02, 0xffff, 0x4228, 0x0000, 0x8c51, 0xfc02, 0xffff, 0xfc02, 0x0000, 0x9cd3, 0xfc02, 0xffff, 0x73ae, 0xfc03, 0x0000, 0x9cd3, 0xfc16, 0xffff, 
0xfc0c, 0xffff, 0xce79, 0x632c, 0xfc02, 0x0000, 0x2104, 0x9cd3, 0xfc03, 0xffff, 0x632c, 0x0000, 0x4228, 0x9cd3, 0x1082, 0x0000, 0x4228, 0xce79, 0xfc03, 0xffff, 0xdefb, 0x632c, 0xfc03, 0x0000, 0x73ae, 0xef7d, 0xfc01, 0xffff, 0xdefb, 0xfc02, 0x0000, 0xdefb, 0xfc03, 0xffff, 0xdefb, 0x4228, 0xfc02, 0x0000, 0x8c51, 0xad55, 0x0000, 0x1082, 0xef7d, 0xfc01, 0xffff, 0xbdd7, 0x2104, 0x0000, 0x1082, 0xef7d, 0x8c51, 0x0000, 0x4228, 0xfc03, 0xffff, 0xad55, 0x4228, 0xfc02, 0x0000, 0x4228, 0xbdd7, 0xfc03, 0xffff, 0x2104, 0x0000, 0x8c51, 0xfc02, 0xffff, 0xdefb, 0xfc02, 0x0000, 0xbdd7, 0xfc07, 0xffff, 0xce79, 0x632c, 0xfc02, 0x0000, 0x2104, 0x9cd3, 0xfc03, 0xffff, 0xbdd7, 0xfc02, 0x0000, 0xdefb, 0xfc07, 0xffff, 0x632c, 0xfc02, 0x0000, 0x8c51, 0xfc01, 0xffff, 0xfc02, 0x0000, 0xbdd7, 0xfc02, 0xffff, 0xbdd7, 0xfc02, 0x0000, 0xfc03, 0xffff, 0x9cd3, 0x2104, 0xfc02, 0x0000, 0x3186, 0xad55, 0xfc07, 0xffff, 0x4228, 0x0000, 0x632c, 0xfc08, 0xffff, 0xef7d, 0x8c51, 0xfc03, 0x0000, 0x8c51, 0xfc03, 0xffff, 0x9cd3, 0x0000, 0x2104, 0xfc04, 0xffff, 0x2104, 0x0000, 0x8c51, 0xfc02, 0xffff, 0x9cd3, 0x0000, 0x1082, 0xef7d, 0xbdd7, 0xfc02, 0x0000, 0xfc02, 0xffff, 0x4228, 0x0000, 0x8c51, 0xfc02, 0xffff, 0xfc02, 0x0000, 0x9cd3, 0xfc02, 0xffff, 0xdefb, 0x4228, 0xfc02, 0x0000, 0xbdd7, 0xfc16, 0xffff, 
0xfc15, 0xffff, 0x632c, 0x0000, 0x4228, 0xfcc4, 0xffff, 
0xfc15, 0xffff, 0x632c, 0x0000, 0x4228, 0xfcc4, 0xffff, 
0xfc15, 0xffff, 0x632c, 0x0000, 0x4228, 0xfcc4, 0xffff, 
0xfc15, 0xffff, 0x632c, 0x0000, 0x4228, 0xfcc4, 0xffff, 
0xfcdc, 0xffff, 
0xfcdc, 0xffff, 
0xfcdc, 0xffff, 
0xfcdc, 0xffff, 
0xfc0b, 0xffff, 0xfc02, 0x0000, 0x9cd3, 0xfc11, 0xffff, 0xad55, 0x1082, 0xfc02, 0x0000, 0x8c51, 0xfc3c, 0xffff, 0xdefb, 0xfc02, 0x0000, 0xbdd7, 0xfc06, 0xffff, 0x4228, 0x0000, 0x8c51, 0xfc6f, 0xffff, 
0xfc0b, 0xffff, 0xfc02, 0x0000, 0x9cd3, 0xfc11, 0xffff, 0x1082, 0xfc03, 0x0000, 0x8c51, 0xfc3c, 0xffff, 0xdefb, 0xfc02, 0x0000, 0xbdd7, 0xfc06, 0xffff, 0x4228, 0x0000, 0x8c51, 0xfc6f, 0xffff, 
0xfc0b, 0xffff, 0xfc02, 0x0000, 0x9cd3, 0xfc11, 0xffff, 0xfc02, 0x0000, 0x9cd3, 0xfc3e, 0xffff, 0xdefb, 0xfc02, 0x0000, 0xbdd7, 0xfc78, 0xffff, 
0xfc0b, 0xffff, 0xfc02, 0x0000, 0x9cd3, 0x632c, 0xfc02, 0x0000, 0x632c, 0xef7d, 0xfc03, 0xffff, 0xce79, 0x4228, 0xfc02, 0x0000, 0x52aa, 0xdefb, 0xfc01, 0xffff, 0xbdd7, 0xfc05, 0x0000, 0xfc02, 0xffff, 0xce79, 0x52aa, 0xfc02, 0x0000, 0x2104, 0x9cd3, 0xfc03, 0xffff, 0x9cd3, 0x0000, 0x2104, 0x8c51, 0x0000, 0x1082, 0xef7d, 0xfc01, 0xffff, 0x8c51, 0xfc02, 0x0000, 0x1082, 0x9cd3, 0xfc06, 0xffff, 0xef7d, 0xfc02, 0x0000, 0xce79, 0xfc02, 0xffff, 0x3186, 0x0000, 0x52aa, 0xfc02, 0xffff, 0x8c51, 0x0000, 0x4228, 0xfc02, 0xffff, 0xce79, 0x52aa, 0xfc02, 0x0000, 0x2104, 0x9cd3, 0xfc03, 0xffff, 0x632c, 0x0000, 0x632c, 0x4228, 0x0000, 0x4228, 0xdefb, 0xfc02, 0x0000, 0xbdd7, 0xfc01, 0xffff, 0xad55, 0xfc02, 0x0000, 0x9cd3, 0xfc01, 0xffff, 0x4228, 0x0000, 0x8c51, 0xfc01, 0xffff, 0x9cd3, 0xfc02, 0x0000, 0xce79, 0x3186, 0xfc02, 0x0000, 0x8c51, 0xfc04, 0xffff, 0x73ae, 0xfc02, 0x0000, 0x632c, 0xbdd7, 0xfc02, 0x0000, 0xdefb, 0xfc5a, 0xffff, 
0xfc0b, 0xffff, 0xfc02, 0x0000, 0x1082, 0xfc04, 0x0000, 0x3186, 0xfc02, 0xffff, 0xce79, 0xfc05, 0x0000, 0x2104, 0xef7d, 0xbdd7, 0xfc05, 0x0000, 0xfc01, 0xffff, 0xce79, 0x1082, 0xfc05, 0x0000, 0x73ae, 0xfc02, 0xffff, 0x9cd3, 0xfc04, 0x0000, 0x1082, 0xfc01, 0xffff, 0x52aa, 0xfc05, 0x0000, 0x8c51, 0xfc06, 0xffff, 0x4228, 0x0000, 0x8c51, 0xfc01, 0xffff, 0xef7d, 0xfc02, 0x0000, 0x2104, 0xfc02, 0xffff, 0x52aa, 0x0000, 0x8c51, 0xfc01, 0xffff, 0xce79, 0x1082, 0xfc05, 0x0000, 0x73ae, 0xfc02, 0xffff, 0x632c, 0xfc04, 0x0000, 0x52aa, 0xdefb, 0xfc02, 0x0000, 0xbdd7, 0xce79, 0x1082, 0x0000, 0x73ae, 0xfc02, 0xffff, 0x4228, 0x0000, 0x8c51, 0xfc01, 0xffff, 0x9cd3, 0xfc07, 0x0000, 0x9cd3, 0xfc02, 0xffff, 0x52aa, 0xfc04, 0x0000, 0x2104, 0xfc02, 0x0000, 0xdefb, 0xfc5a, 0xffff, 
0xfc0b, 0xffff, 0xfc02, 0x0000, 0x1082, 0xce79, 0xfc01, 0xffff, 0x8c51, 0xfc02, 0x0000, 0xad55, 0xfc01, 0xffff, 0x4228, 0x0000, 0x4228, 0xfc01, 0xffff, 0xef7d, 0x3186, 0x0000, 0x73ae, 0xfc02, 0xffff, 0xfc02, 0x0000, 0x9cd3, 0xfc02, 0xffff, 0x4228, 0x0000, 0x2104, 0xdefb, 0xfc01, 0xffff, 0x73ae, 0xfc02, 0x0000, 0xbdd7, 0xfc01, 0xffff, 0x9cd3, 0xfc02, 0x0000, 0x73ae, 0xfc01, 0xffff, 0xce79, 0xbdd7, 0xfc02, 0x0000, 0xbdd7, 0xfc01, 0xffff, 0x9cd3, 0xfc02, 0x0000, 0xef7d, 0xfc05, 0xffff, 0x8c51, 0x0000, 0x52aa, 0xfc01, 0xffff, 0xad55, 0xfc03, 0x0000, 0xef7d, 0xfc01, 0xffff, 0x1082, 0x0000, 0xce79, 0xfc01, 0xffff, 0x4228, 0x0000, 0x2104, 0xdefb, 0xfc01, 0xffff, 0x73ae, 0xfc02, 0x0000, 0xbdd7, 0xfc01, 0xffff, 0x632c, 0xfc02, 0x0000, 0xad55, 0xfc01, 0xffff, 0xce79, 0xdefb, 0xfc02, 0x0000, 0xad55, 0x2104, 0x0000, 0x52aa, 0xfc03, 0xffff, 0x4228, 0x0000, 0x8c51, 0xfc01, 0xffff, 0x9cd3, 0xfc02, 0x0000, 0x4228, 0xfc01, 0xffff, 0xdefb, 0x1082, 0x0000, 0x632c, 0xfc01, 0xffff, 0xce79, 0xfc02, 0x0000, 0x632c, 0xfc01, 0xffff, 0xce79, 0x2104, 0xfc02, 0x0000, 0xdefb, 0xfc5a, 0xffff, 
0xfc0b, 0xffff, 0xfc02, 0x0000, 0x73ae, 0xfc03, 0xffff, 0x3186, 0x0000, 0x73ae, 0xef7d, 0xfc02, 0x0000, 0xbdd7, 0xfc02, 0xffff, 0x9cd3, 0x0000, 0x3186, 0xfc02, 0xffff, 0xfc02, 0x0000, 0x9cd3, 0xfc01, 0xffff, 0xce79, 0xfc02, 0x0000, 0xad55, 0xfc03, 0xffff, 0x2104, 0x0000, 0x73ae, 0xfc01, 0xffff, 0x9cd3, 0xfc02, 0x0000, 0xef7d, 0xfc02, 0xffff, 0x73ae, 0x0000, 0x4228, 0xfc03, 0xffff, 0x2104, 0x0000, 0xad55, 0xfc05, 0xffff, 0xce79, 0x0000, 0x1082, 0xfc01, 0xffff, 0x73ae, 0xfc03, 0x0000, 0xad55, 0xce79, 0x0000, 0x1082, 0xfc01, 0xffff, 0xce79, 0xfc02, 0x0000, 0xad55, 0xfc03, 0xffff, 0x2104, 0x0000, 0x73ae, 0xfc01, 0xffff, 0x632c, 0x0000, 0x3186, 0xfc03, 0xffff, 0xdefb, 0xfc02, 0x0000, 0x1082, 0x0000, 0x1082, 0xef7d, 0xfc03, 0xffff, 0x4228, 0x0000, 0x8c51, 0xfc01, 0xffff, 0x9cd3, 0xfc02, 0x0000, 0xef7d, 0xfc02, 0xffff, 0x632c, 0x0000, 0x4228, 0xfc01, 0xffff, 0x8c51, 0x0000, 0x1082, 0xef7d, 0xfc02, 0xffff, 0x8c51, 0xfc02, 0x0000, 0xdefb, 0xfc5a, 0xffff, 
0xfc0b, 0xffff, 0xfc02, 0x0000, 0x9cd3, 0xfc03, 0xffff, 0x52aa, 0x0000, 0x52aa, 0xce79, 0xfc08, 0x0000, 0xfc02, 0xffff, 0xfc02, 0x0000, 0x9cd3, 0xfc01, 0xffff, 0xad55, 0xfc02, 0x0000, 0xdefb, 0xfc03, 0xffff, 0x632c, 0x0000, 0x4228, 0xfc01, 0xffff, 0x9cd3, 0x0000, 0x1082, 0xfc03, 0xffff, 0x52aa, 0xfc07, 0x0000, 0x8c51, 0xfc06, 0xffff, 0x1082, 0x0000, 0xce79, 0x3186, 0x0000, 0x632c, 0x0000, 0x73ae, 0x8c51, 0x0000, 0x52aa, 0xfc01, 0xffff, 0xad55, 0xfc02, 0x0000, 0xdefb, 0xfc03, 0xffff, 0x632c, 0x0000, 0x4228, 0xfc01, 0xffff, 0x632c, 0x0000, 0x52aa, 0xfc03, 0xffff, 0xdefb, 0xfc05, 0x0000, 0xbdd7, 0xfc03, 0xffff, 0x4228, 0x0000, 0x8c51, 0xfc01, 0xffff, 0x9cd3, 0xfc02, 0x0000, 0xfc03, 0xffff, 0x632c, 0x0000, 0x4228, 0xfc01, 0xffff, 0x8c51, 0x0000, 0x2104, 0xfc03, 0xffff, 0xbdd7, 0xfc02, 0x0000, 0xdefb, 0xfc5a, 0xffff, 
0xfc0b, 0xffff, 0xfc02, 0x0000, 0x9cd3, 0xfc03, 0xffff, 0x52aa, 0x0000, 0x52aa, 0xce79, 0xfc08, 0x0000, 0xdefb, 0xfc01, 0xffff, 0xfc02, 0x0000, 0x9cd3, 0xfc01, 0xffff, 0xad55, 0xfc02, 0x0000, 0xdefb, 0xfc03, 0xffff, 0x632c, 0x0000, 0x4228, 0xfc01, 0xffff, 0x9cd3, 0x0000, 0x2104, 0xfc03, 0xffff, 0x52aa, 0xfc07, 0x0000, 0x632c, 0xfc06, 0xffff, 0x52aa, 0x0000, 0x8c51, 0x0000, 0x1082, 0xce79, 0x0000, 0x3186, 0x52aa, 0x0000, 0x8c51, 0xfc01, 0xffff, 0xad55, 0xfc02, 0x0000, 0xdefb, 0xfc03, 0xffff, 0x632c, 0x0000, 0x4228, 0xfc01, 0xffff, 0x632c, 0x0000, 0x632c, 0xfc03, 0xffff, 0xdefb, 0xfc03, 0x0000, 0x4228, 0x0000, 0x4228, 0xfc03, 0xffff, 0x4228, 0x0000, 0x8c51, 0xfc01, 0xffff, 0x9cd3, 0xfc02, 0x0000, 0xfc03, 0xffff, 0x632c, 0x0000, 0x4228, 0xfc01, 0xffff, 0x8c51, 0x0000, 0x2104, 0xfc03, 0xffff, 0xbdd7, 0xfc02, 0x0000, 0xdefb, 0xfc5a, 0xffff, 
0xfc0b, 0xffff, 0xfc02, 0x0000, 0x73ae, 0xfc03, 0xffff, 0x3186, 0x0000, 0x73ae, 0xef7d, 0xfc02, 0x0000, 0xbdd7, 0xfc07, 0xffff, 0xfc02, 0x0000, 0x9cd3, 0xfc01, 0xffff, 0xce79, 0xfc02, 0x0000, 0xad55, 0xfc03, 0xffff, 0x2104, 0x0000, 0x73ae, 0xfc01, 0xffff, 0x9cd3, 0x0000, 0x2104, 0xfc03, 0xffff, 0x73ae, 0x0000, 0x4228, 0xfc0c, 0xffff, 0x9cd3, 0x0000, 0x1082, 0x0000, 0x52aa, 0xfc01, 0xffff, 0x1082, 0x0000, 0x1082, 0x0000, 0xef7d, 0xfc01, 0xffff, 0xce79, 0xfc02, 0x0000, 0xad55, 0xfc03, 0xffff, 0x2104, 0x0000, 0x73ae, 0xfc01, 0xffff, 0x632c, 0x0000, 0x632c, 0xfc03, 0xffff, 0xdefb, 0xfc02, 0x0000, 0x8c51, 0xdefb, 0xfc02, 0x0000, 0xbdd7, 0xfc02, 0xffff, 0x4228, 0x0000, 0x8c51, 0xfc01, 0xffff, 0x9cd3, 0xfc02, 0x0000, 0xfc03, 0xffff, 0x632c, 0x0000, 0x4228, 0xfc01, 0xffff, 0x8c51, 0x0000, 0x1082, 0xef7d, 0xfc02, 0xffff, 0x8c51, 0xfc02, 0x0000, 0xdefb, 0xfc5a, 0xffff, 
0xfc0b, 0xffff, 0xfc03, 0x0000, 0xbdd7, 0xfc01, 0xffff, 0x8c51, 0xfc02, 0x0000, 0xad55, 0xfc01, 0xffff, 0x4228, 0x0000, 0x4228, 0xef7d, 0xfc06, 0xffff, 0xfc02, 0x0000, 0x9cd3, 0xfc02, 0xffff, 0x3186, 0x0000, 0x2104, 0xdefb, 0xfc01, 0xffff, 0x73ae, 0xfc02, 0x0000, 0xbdd7, 0xfc01, 0xffff, 0x9cd3, 0x0000, 0x2104, 0xfc03, 0xffff, 0xbdd7, 0xfc02, 0x0000, 0xad55, 0xfc0b, 0xffff, 0xef7d, 0xfc03, 0x0000, 0x8c51, 0xfc01, 0xffff, 0x52aa, 0xfc02, 0x0000, 0x3186, 0xfc03, 0xffff, 0x3186, 0x0000, 0x2104, 0xdefb, 0xfc01, 0xffff, 0x73ae, 0xfc02, 0x0000, 0xbdd7, 0xfc01, 0xffff, 0x632c, 0x0000, 0x632c, 0xfc03, 0xffff, 0xdefb, 0xfc02, 0x0000, 0xbdd7, 0xfc01, 0xffff, 0x632c, 0x0000, 0x4228, 0xfc02, 0xffff, 0x4228, 0x0000, 0x8c51, 0xfc01, 0xffff, 0x9cd3, 0xfc02, 0x0000, 0xfc03, 0xffff, 0x632c, 0x0000, 0x4228, 0xfc01, 0xffff, 0xdefb, 0xfc02, 0x0000, 0x632c, 0xfc01, 0xffff, 0xce79, 0x1082, 0xfc02, 0x0000, 0xdefb, 0xfc01, 0xffff, 0x8c51, 0x0000, 0x4228, 0xfc56, 0xffff, 
0xfc0b, 0xffff, 0xfc02, 0x0000, 0x1082, 0xfc04, 0x0000, 0x3186, 0xfc02, 0xffff, 0xce79, 0xfc06, 0x0000, 0x73ae, 0xfc02, 0xffff, 0xfc02, 0x0000, 0x9cd3, 0xfc02, 0xffff, 0xce79, 0xfc06, 0x0000, 0x8c51, 0xfc02, 0xffff, 0x9cd3, 0x0000, 0x2104, 0xfc04, 0xffff, 0x52aa, 0xfc05, 0x0000, 0x1082, 0xdefb, 0xfc07, 0xffff, 0x3186, 0xfc02, 0x0000, 0xce79, 0xfc01, 0xffff, 0x8c51, 0xfc02, 0x0000, 0x73ae, 0xfc03, 0xffff, 0xce79, 0xfc06, 0x0000, 0x8c51, 0xfc02, 0xffff, 0x632c, 0x0000, 0x632c, 0xfc03, 0xffff, 0xdefb, 0xfc02, 0x0000, 0xbdd7, 0xfc01, 0xffff, 0xdefb, 0xfc02, 0x0000, 0xbdd7, 0xfc01, 0xffff, 0x4228, 0x0000, 0x8c51, 0xfc01, 0xffff, 0x9cd3, 0xfc02, 0x0000, 0xfc03, 0xffff, 0x632c, 0x0000, 0x4228, 0xfc02, 0xffff, 0x632c, 0xfc04, 0x0000, 0x3186, 0xfc02, 0x0000, 0xdefb, 0xfc01, 0xffff, 0x8c51, 0x0000, 0x4228, 0xfc56, 0xffff, 
0xfc0b, 0xffff, 0xfc02, 0x0000, 0x9cd3, 0x632c, 0xfc02, 0x0000, 0x52aa, 0xef7d, 0xfc03, 0xffff, 0xbdd7, 0x4228, 0xfc02, 0x0000, 0x1082, 0x8c51, 0xfc03, 0xffff, 0xfc02, 0x0000, 0x9cd3, 0xfc03, 0xffff, 0xce79, 0x632c, 0xfc02, 0x0000, 0x2104, 0x9cd3, 0xfc03, 0xffff, 0x9cd3, 0x0000, 0x2104, 0xfc05, 0xffff, 0x8c51, 0xfc03, 0x0000, 0x52aa, 0xce79, 0xfc08, 0xffff, 0x73ae, 0x0000, 0x1082, 0xfc02, 0xffff, 0xce79, 0xfc02, 0x0000, 0xad55, 0xfc04, 0xffff, 0xce79, 0x632c, 0xfc02, 0x0000, 0x2104, 0x9cd3, 0xfc03, 0xffff, 0x632c, 0x0000, 0x632c, 0xfc03, 0xffff, 0xdefb, 0xfc02, 0x0000, 0xbdd7, 0xfc02, 0xffff, 0x632c, 0x0000, 0x4228, 0xfc01, 0xffff, 0x4228, 0x0000, 0x8c51, 0xfc01, 0xffff, 0x9cd3, 0xfc02, 0x0000, 0xfc03, 0xffff, 0x632c, 0x0000, 0x4228, 0xfc03, 0xffff, 0x632c, 0xfc02, 0x0000, 0x8c51, 0xbdd7, 0xfc02, 0x0000, 0xdefb, 0xfc01, 0xffff, 0x8c51, 0x0000, 0x4228, 0xfc56, 0xffff, 
0xfc7e, 0xffff, 0xad55, 0xfc02, 0x0000, 0xfc5b, 0xffff, 
0xfc78, 0xffff, 0xbdd7, 0xfc02, 0x0000, 0x632c, 0xfc02, 0xffff, 0x4228, 0x0000, 0x3186, 0xfc5b, 0xffff, 
0xfc79, 0xffff, 0x2104, 0xfc06, 0x0000, 0x9cd3, 0xfc5b, 0xffff, 
0xfc79, 0xffff, 0xdefb, 0x632c, 0xfc03, 0x0000, 0x2104, 0x9cd3, 0xfc5c, 0xffff, 
0xfcdc, 0xffff, 
0xfcdc, 0xffff, 
0xfcdc, 0xffff, 
0xfcdc, 0xffff, 
0xfcdc, 0xffff, 

};

void LCD_Delay(unsigned int delay)
{
	LCD_Timing_Delay = delay;
	while(--LCD_Timing_Delay != 0);
}


void LCD_Data_Pin_Change(unsigned char mode)
{
	GPIO_InitTypeDef GPIO_InitStruct;

	if(mode == LCD_Input)
	{
		GPIO_InitStruct.Pin = C_LDATA0_Pin|C_LDATA1_Pin|C_LDATA2_Pin|C_LDATA3_Pin 
			|C_LDATA4_Pin|C_LDATA5_Pin|C_LDATA6_Pin|C_LDATA7_Pin;
		GPIO_InitStruct.Mode = GPIO_MODE_INPUT;
		GPIO_InitStruct.Pull = GPIO_NOPULL;
		HAL_GPIO_Init(GPIOD, &GPIO_InitStruct);
	}
	else if(mode == LCD_Output)
	{
		GPIO_InitStruct.Pin = C_LDATA0_Pin|C_LDATA1_Pin|C_LDATA2_Pin|C_LDATA3_Pin 
			|C_LDATA4_Pin|C_LDATA5_Pin|C_LDATA6_Pin|C_LDATA7_Pin;
		GPIO_InitStruct.Mode = GPIO_MODE_OUTPUT_PP;
		GPIO_InitStruct.Pull = GPIO_NOPULL;
		GPIO_InitStruct.Speed = GPIO_SPEED_FREQ_HIGH;
		HAL_GPIO_Init(GPIOD, &GPIO_InitStruct);
	}
}

//GPIO port bit set/reset register : BSRR
//GPIO port bit reset srgister : BRR
//GPIO port  output data register : ODR
void LCD_Data_Write(unsigned char address, unsigned short data)
{
	unsigned char data_high = data>>8;
	unsigned char data_low = data&0xFF;

	CHIP_SEL_ON;	//LCD_CHIP_SEL_On

	IND_LCD_REG_SEL;	//IND_LCD_REG_SEL

	LCD_Delay(1); //++,--, 220621 ysm, LCD_DELAY

	LCD_Read_Off;	//LCD_Read_Off
	LCD_Write_Off;	//LCD_Write_Off

	LCD_Data_Pin_Change(LCD_Output);

	//GPIOD->ODR = GPIOD->ODR & 0xFF00;
	GPIOD->BSRR = 0xFF0000;
	LCD_Delay(1); //++,--, 220621 ysm, LCD_DELAY
	LCD_Write_On;	//LCD_Write_On
	LCD_Delay(1); //++,--, 220621 ysm, LCD_DELAY
	LCD_Write_Off;	//LCD_Write_Off
	LCD_Delay(1); //++,--, 220621 ysm, LCD_DELAY
	
	//GPIOD->ODR = (GPIOD->ODR & 0xFF00) + address;
	GPIOD->BSRR = 0xFF0000;
	GPIOD->BSRR = address;
	LCD_Delay(1); //++,--, 220621 ysm, LCD_DELAY
	LCD_Write_On;	//LCD_Write_On
	LCD_Delay(1); //++,--, 220621 ysm, LCD_DELAY
	LCD_Write_Off;	//LCD_Write_Off
	LCD_Delay(1); //++,--, 220621 ysm, LCD_DELAY

	CON_LCD_REG_SEL;	//CON_LCD_REG_SEL
	LCD_Delay(1); //++,--, 220621 ysm, LCD_DELAY

	//GPIOD->ODR = (GPIOD->ODR & 0xFF00) + data_high;
	GPIOD->BSRR = 0xFF0000;
	GPIOD->BSRR = data_high;
	LCD_Delay(1); //++,--, 220621 ysm, LCD_DELAY
	LCD_Write_On;	//LCD_Write_On
	LCD_Delay(1); //++,--, 220621 ysm, LCD_DELAY
	LCD_Write_Off;	//LCD_Write_Off
	LCD_Delay(1); //++,--, 220621 ysm, LCD_DELAY

	//GPIOD->ODR = (GPIOD->ODR & 0xFF00) + data_low;
	GPIOD->BSRR = 0xFF0000;
	GPIOD->BSRR = data_low;
	LCD_Delay(1); //++,--, 220621 ysm, LCD_DELAY
	LCD_Write_On;	//LCD_Write_On
	LCD_Delay(1); //++,--, 220621 ysm, LCD_DELAY
	LCD_Write_Off;	//LCD_Write_Off
	LCD_Delay(1); //++,--, 220621 ysm, LCD_DELAY

	GPIOD->BSRR = 0x1000;	//LCD_CHIP_SEL_Off

}//함수콜하는 시간이 있어서 콜하는 시간을 줄이기 위해 GPIO에 값을 바로 쓰기


void LCD_RGB_Write_Data(unsigned short data)
{
	unsigned char data_high = data>>8;
	unsigned char data_low = data&0xFF;

	//GPIOD->ODR = (GPIOD->ODR & 0xFF00) + data_high;
	GPIOD->BSRR = 0xFF0000;
	GPIOD->BSRR = data_high;
	LCD_Delay(1); //++,--, 220621 ysm, LCD_DELAY
	LCD_Write_On;	//LCD_Write_On
	LCD_Delay(1); //++,--, 220621 ysm, LCD_DELAY
	LCD_Write_Off;	//LCD_Write_Off
	LCD_Delay(1); //++,--, 220621 ysm, LCD_DELAY

	//GPIOD->ODR = (GPIOD->ODR & 0xFF00) + data_low;
	GPIOD->BSRR = 0xFF0000;
	GPIOD->BSRR = data_low;
	LCD_Delay(1); //++,--, 220621 ysm, LCD_DELAY
	LCD_Write_On;	//LCD_Write_On
	LCD_Delay(1); //++,--, 220621 ysm, LCD_DELAY
	LCD_Write_Off;	//LCD_Write_Off
	LCD_Delay(1); //++,--, 220621 ysm, LCD_DELAY

}


//addrsss가 0x0000이면 첫번째칸 0x0001이면 두번째칸...... 0x00AF이면 176번째칸
//address가 0x0000이면 첫번재줄 0x0100이면 두번째줄...... 0xDB00이면 220번째줄 
//0x0000 ~~ 0xDBAF
void LCD_RAM_ADD_Set(unsigned short address)
{
	LCD_Data_Write(0x20, ((address&0xFF00)>>8));
	LCD_Data_Write(0x21, (address&0x00FF));
}

void LCD_RGB_Write_Setting(void)
{
	CHIP_SEL_ON;	//LCD_CHIP_SEL_On

	IND_LCD_REG_SEL;	//IND_LCD_REG_SEL
	LCD_Delay(1); //++,--, 220621 ysm, LCD_DELAY
	
	LCD_Read_Off;	//LCD_Read_Off
	LCD_Write_Off;	//LCD_Write_Off

	LCD_Data_Pin_Change(LCD_Output);

	//GPIOD->ODR = GPIOD->ODR & 0xFF00;
	GPIOD->BSRR = 0xFF0000;
	LCD_Delay(1); //++,--, 220621 ysm, LCD_DELAY
	LCD_Write_On;	//LCD_Write_On
	LCD_Delay(1); //++,--, 220621 ysm, LCD_DELAY
	LCD_Write_Off;	//LCD_Write_Off
	LCD_Delay(1); //++,--, 220621 ysm, LCD_DELAY

	//GPIOD->ODR = (GPIOD->ODR & 0xFF00) + 0x22;
	GPIOD->BSRR = 0xFF0000;
	GPIOD->BSRR = 0x22;
	LCD_Delay(1); //++,--, 220621 ysm, LCD_DELAY
	LCD_Write_On;	//LCD_Write_On
	LCD_Delay(1); //++,--, 220621 ysm, LCD_DELAY
	LCD_Write_Off;	//LCD_Write_Off
	LCD_Delay(1); //++,--, 220621 ysm, LCD_DELAY

	CON_LCD_REG_SEL;	//CON_LCD_REG_SEL
	LCD_Delay(1); //++,--, 220621 ysm, LCD_DELAY

}

void Display_Logo(void)
{   
	LCD_Draw_Color(0, 0, LCD_WIDTH, LCD_HEIGHT, COLOR_BLACK);
	
	PCXtoBMP_16bit(25, 5, 169, 120, (unsigned int)&Forklift_Icon);
    PCXtoBMP_16bit(10, 125, 200, 31, (unsigned int)&intro_logo);
}


//++, 221226 ysm, FSCU
void DisplayUpdate()
{
	LCD_Draw_Color(0, 0, LCD_WIDTH, LCD_HEIGHT, COLOR_BLACK);
	if((ScreenIndex == SCREEN_STATE_POWEROFF)||(ScreenIndex == SCREEN_STATE_MSS_TOP))
	{
		PCXtoBMP_16bit(25, 5, 169, 120, (unsigned int)&Forklift_Icon);
        PCXtoBMP_16bit(10, 125, 200, 31, (unsigned int)&intro_logo);

	}
	else if(ScreenIndex == SCREEN_STATE_SWUPDATE)
	{


		unsigned short strUpdate[16]={'S','o','f','t','w','a','r','e',' ', 'U','p','d','a','t','e',	};
		GUI_DisplayCenterStringAt(&strUpdate[0], 0, 40,  LCD_WIDTH, COLOR_YELLOW, FONTSIZE_1);

		unsigned short strDownload[26]={'D','o',' ','n','o','t',' ','t','u','r','n',' ','o','f','f',' ','t','h','e',' ','p','o','w','e','r',};
		GUI_DisplayCenterStringAt(&strDownload[0], 0, 90,  LCD_WIDTH, COLOR_RED, FONTSIZE_1);

	}
	else
	{
		if(ScreenIndex == SCREEN_STATE_UPDATEIMAGE)
		{
			unsigned short strUpdate[23]={'I','m','a','g','e',' ', 'U','p','d','a','t','e',' ', 'r','e','q','u','i','r','e','d','.',  };
			GUI_DisplayCenterStringAt(&strUpdate[0], 0, 40,  LCD_WIDTH, COLOR_RED, FONTSIZE_1);
		}
		else
		{
			unsigned short strUpdate[10]={'N','o',' ', 'I','m','a','g','e','.',};
			GUI_DisplayCenterStringAt(&strUpdate[0], 0, 48,  LCD_WIDTH, COLOR_RED, FONTSIZE_1);
		}
		
		unsigned short strDownload[18]={'D','o','w','n', 'l','o','a','d', ' ', 'I','m','a','g','e','!','!','!',};
		GUI_DisplayCenterStringAt(&strDownload[0], 0, 90,  LCD_WIDTH, COLOR_YELLOW, FONTSIZE_1);

		unsigned short strVersion[23]={'I','M','G',' ', 'V','e','r','.',' ','1','.','3',' ','R','e','q','u','i','r','e','d','.', };
		GUI_DisplayCenterStringAt(&strVersion[0], 0, 120,  LCD_WIDTH, COLOR_WHITE, FONTSIZE_1);
	}

}
//--, 221226 ysm, FSCU

void Initialize_LcdSystem(void)
{
	//Initializes the ILI9225G with a low input.
	//LCD_RESET_OFF; 
	HAL_GPIO_WritePin(GPIOE, GPIO_PIN_0, GPIO_PIN_SET);   //C_LAMP_EN

	//unknown
	LCD_Data_Write(0xd0, 0x0003);
	LCD_Data_Write(0xeb, 0x0b00);
	LCD_Data_Write(0xec, 0x004f);
	LCD_Data_Write(0xc7, 0x003f);

	LCD_Data_Write(0x01, 0x011c);	//Driver Output Control (R01h)
	LCD_Data_Write(0x02, 0x0100);	//LCD Driving Waveform Control (R02h)
	//LCD_Data_Write(0x03, 0x1030);	//Entry Mode (R03h)		
	LCD_Data_Write(0x03, 0x1018);
	LCD_Data_Write(0x08, 0x0808);	//Display Control 2 (R08h)
	//Frame Cycle Control (R0Bh)
	LCD_Data_Write(0x0c, 0x0000);	//RGB Input Interface Control 1 (R0Ch) 
	LCD_Data_Write(0x0f, 0x0A01);	//Oscillator Control (R0Fh)
	LCD_Delay(500);

	LCD_Data_Write(0x10, 0x0000);	 //Power Control 1 (R10h)
	LCD_Data_Write(0x11, 0x1b41);	 //Power Control 2 (R11h)
	LCD_Delay(500);
	LCD_Data_Write(0x12, 0x200e);	 //Power Control 3 (R12h)
	LCD_Data_Write(0x13, 0x007E); //Power Control 4 (R13h)
	LCD_Data_Write(0x14, 0x596B); //Power Control 5 (R14h)
	LCD_Delay(500);				 							 

	LCD_Data_Write(0x30, 0x0000);	 //Gate Scan Control (R30h)
	LCD_Data_Write(0x31, 0x00db); //Vertical Scroll Control 1 (R31h, R32h) 
	LCD_Data_Write(0x32, 0x0000);	 
	LCD_Data_Write(0x33, 0x0000);	 //Vertical Scroll Control 1 (R33h)
	LCD_Data_Write(0x34, 0x00db); //Partial Screen Driving Position (R34h, R35h)
	LCD_Data_Write(0x35, 0x0000);
	LCD_Data_Write(0x36, 0x00af);	 //Horizontal and Vertical RAM Address Position (R36h/R37h, R38h/R39h)
	LCD_Data_Write(0x37, 0x0000);
	LCD_Data_Write(0x38, 0x00db);
	LCD_Data_Write(0x39, 0x0000);

	//Gamma Control (R50h ~ R59h)
	LCD_Data_Write(0x50, 0x0408);
	LCD_Data_Write(0x51, 0x020B);
	LCD_Data_Write(0x52, 0x0404);
	LCD_Data_Write(0x53, 0x0100);
	LCD_Data_Write(0x54, 0x0406);
	LCD_Data_Write(0x55, 0x0206);
	LCD_Data_Write(0x56, 0x0809);
	LCD_Data_Write(0x57, 0x0100);
	LCD_Data_Write(0x58, 0x1800);
	LCD_Data_Write(0x59, 0x0018); 
	LCD_Delay(500);

	LCD_Data_Write(0x20, 0x0000);	//RAM Address Set (R20h, R21h) 
	LCD_Data_Write(0x21, 0x0000);

	LCD_Data_Write(0x07, 0x1017);	//Display Control 1 (R07h)
	LCD_Delay(500);

	Display_Logo();
}

void PCXtoBMP_16bit(unsigned short x_pos, unsigned short y_pos, unsigned short width, unsigned short height, unsigned int address)
{
	unsigned short nor_pcx_data = 0;		//NOR에서 불러온 값 1개 가져오기
	unsigned short nor_pcx_data_count = 0;	//NOR에서 불러온 값이 0xFC00보다 크면 카운트 저장
	unsigned short nor_pcx_data_arr[TEMP_BUFF_SIZE];

	unsigned int draw_x = 0, draw_y = 0;	//가로, 세로 그린 횟수 

	unsigned int j_size = 0;			//반복문 횟수 

	unsigned int i = 0, j = 0, k = 0;


	unsigned int pcx_data_size = 0;
	unsigned int add;

	unsigned char add_cnt = 0;

	unsigned char write_set = 0;

	add = address;
	if((address >= IMG_START) && (address < IMG_END))
	{
		SPI_FLASH_BufferRead((unsigned char*)&pcx_data_size, add, sizeof(pcx_data_size));
	}
	else
	{
		pcx_data_size = (*(__IO unsigned int*)add);
	}
	pcx_data_size = (pcx_data_size&0xFFFF0000)>>16 | (pcx_data_size&0xFFFF)<<16;
	add = add + 4;

	LCD_RAM_ADD_Set(((LCD_WIDTH_OFFSET-(x_pos + draw_x))) | ((y_pos + draw_y))<<8);
	j_size = pcx_data_size;
	while(1)
	{
		
		i++;

		for(j = 0; j < j_size; j++)
		{
			add_cnt++;
			if((address >= IMG_START) && (address < IMG_END))
			{
#if 0			
				if(add_cnt == 1)
				{
					SPI_FLASH_BufferRead((unsigned char*)&nor_pcx_data, ((add)), 2);
					add = add + 2;
				}
				else if(add_cnt == 2)
				{
					SPI_FLASH_BufferRead((unsigned char*)&nor_pcx_data, ((add)), 2);
					add = add + 2;
					add_cnt = 0;
				}
#else
				if(add_cnt == 1)
					SPI_FLASH_BufferRead((unsigned char*)&nor_pcx_data_arr[0], add , 2*TEMP_BUFF_SIZE);
				nor_pcx_data = nor_pcx_data_arr[add_cnt-1];

				if(add_cnt == TEMP_BUFF_SIZE)
				{
					add = add + (2*TEMP_BUFF_SIZE);
					add_cnt = 0;
				}
				
#endif
			}
			else
			{
				if(add_cnt == 1)
				{
					nor_pcx_data = (*(__IO unsigned int*)add) & 0xFFFF;
				}
				else if(add_cnt == 2)
				{
					nor_pcx_data = ((*(__IO unsigned int*)add) & 0xFFFF0000) >> 16;
					add = add + 4;
					add_cnt = 0;
				}

			}

			if(write_set == 0)
			{
				write_set = 1;
				LCD_RGB_Write_Setting();
			}


			if((nor_pcx_data_count == 0) && (nor_pcx_data > 0xFC00))
			{
				nor_pcx_data_count = nor_pcx_data & 0x03FF;		//값이 0xFC00보다 크면 카운트 저장 
			}
			else if((nor_pcx_data_count == 0) && (nor_pcx_data <= 0xFC00))
			{
				//값이 0xFC00보다 작고 카운트가 0이면 그리기 
				LCD_RGB_Write_Data(nor_pcx_data);
				draw_x++;
			}
			else if(nor_pcx_data_count != 0)
			{
				for(k = 0; k < nor_pcx_data_count ; k++)
				{
					//반복 횟수만큼 그리기 
					LCD_RGB_Write_Data(nor_pcx_data);
					draw_x++;
				}
				nor_pcx_data_count = 0;
			}
			if(draw_x >= width)				//width 만큼 배열에 쓴 경우 
			{
				draw_y++;
				draw_x = 0;
				write_set = 0;
				CHIP_SEL_OFF;		//GPIOB->BSRR = 0x200;	//CHIP_SEL_OFF
				LCD_RAM_ADD_Set(((LCD_WIDTH_OFFSET-(x_pos + draw_x))) | ((y_pos + draw_y))<<8);
			}
			if(draw_y >= height)			//height만큼 그린경우 
				break;
		}
		if(draw_y >= height)
			break;
	}
}

/* 
@TOTAL SERIAL FLASH MEMORY 0x1000000(16MBytes)
@SERIAL FLASH ADDRESS
IMAGE ADDRESS_START		0x500000
LANGUAGE ADDRESS START		0x900000
*/
void LCD_System(void)
{
	switch(ScreenIndex & 0xF0000000)
	{
	case SCREEN_STATE_CLOCK_TOP:
		DisplayFullClock();		
		break;
	case SCREEN_STATE_OSHA_TOP:
		PCXtoBMP_16bit(0, 0, 220, 176, (unsigned int)&u_01_notice_osha);
		break;
	case SCREEN_STATE_NOTIMAGE:
	case SCREEN_STATE_UPDATEIMAGE:
	case SCREEN_STATE_POWEROFF:
	case SCREEN_STATE_MSS_TOP:	//++,--, 211129 ysm
		if(OldScreenIndex != ScreenIndex)
		{
			OldScreenIndex = ScreenIndex;
			DisplayUpdate();
		}
		break;
	case SCREEN_STATE_ESL_PASSWORD:
		if(OldScreenIndex != ScreenIndex)
		{
			if(ScreenIndex == SCREEN_STATE_ESL_PASSWORD)
			{
				LCD_Draw_Color(0, 6, LCD_WIDTH, FONTSIZE_1, COLOR_BLACK);
				LCD_Draw_Color(0, 20, LCD_WIDTH, FONTSIZE_1, COLOR_BLACK);
				GUI_DisplayCenterStringAt((USHORT*)*StringSentence[0], 0, 6, LCD_WIDTH, COLOR_WHITE, FONTSIZE_1);
				InitializeDisplayPassword(NUMBER_INFO_ENTER);
				OldScreenIndex = ScreenIndex;
				
			}
			else
			{
				DisplayPasswordPopup();
			}

		}
		break;
	case SCREEN_STATE_MAIN_TOP:
		DisplayMain();
		break;		
	case SCREEN_STATE_MAIN_POPUP_DPF_REGEN_REQUEST_TOP:
		DisplayDPFInfo();
		break;
	default:
		DisplayMenu();
		break;

	}
}

void LCD_Draw_Pixel(unsigned short x_pos, unsigned short y_pos, unsigned short RGB)
{
	//LCD_RAM_ADD_Set(x_pos | (LCD_HEIGHT-(y_pos))<<8);
	LCD_RAM_ADD_Set((LCD_WIDTH_OFFSET-x_pos) | (y_pos)<<8);

	LCD_RGB_Write_Setting();
	LCD_RGB_Write_Data(RGB);
	CHIP_SEL_OFF;

	//IWDG_ReloadCounter();
}

void LCD_Draw_Pixel_Buffer(unsigned short x_pos, unsigned short y_pos, unsigned short RGB)
{
	LCD_Draw_Pixel(x_pos, y_pos, RGB);
}

void LCD_DrawEdge_Color(unsigned short x_pos, unsigned short y_pos, unsigned char width, unsigned char height, unsigned char thin, unsigned short RGB)
{
	LCD_Draw_Color(x_pos, y_pos, width, thin, RGB);				// 위 가로 
	LCD_Draw_Color(x_pos, (y_pos+height-thin), width, thin, RGB);	// 아래 가로 
	LCD_Draw_Color(x_pos, y_pos, thin, height, RGB);				// 왼쪽 세로줄 
	LCD_Draw_Color((x_pos+width-thin), y_pos, thin, height, RGB);	// 오른쪽 세로줄 
}

void LCD_DrawEdge_FillColor(unsigned short x_pos, unsigned short y_pos, unsigned char width, unsigned char height, unsigned char thin, unsigned short RGB, unsigned short RGB_bg)
{
	LCD_Draw_Color(x_pos, y_pos, width, height, RGB_bg);
	LCD_Draw_Color(x_pos, y_pos, width, thin, RGB);				// 위 가로 
	LCD_Draw_Color(x_pos, (y_pos+height-thin), width, thin, RGB);	// 아래 가로 
	LCD_Draw_Color(x_pos, y_pos, thin, height, RGB);				// 왼쪽 세로줄 
	LCD_Draw_Color((x_pos+width-thin), y_pos, thin, height, RGB);	// 오른쪽 세로줄 
}

void LCD_Draw_Color(unsigned short x_pos, unsigned short y_pos, unsigned char width, unsigned char height, unsigned short RGB)
{
	for(unsigned char i = 0; i < height; i++)
	{
		LCD_RAM_ADD_Set((LCD_WIDTH_OFFSET-x_pos) | ((y_pos+i))<<8);


		LCD_RGB_Write_Setting();

		for(unsigned char j = 0; j < width; j++)
		{
			LCD_RGB_Write_Data(RGB);
		}
		CHIP_SEL_OFF;

		//IWDG_ReloadCounter();
	}
}

unsigned int GetStringLen(unsigned short *s, GUI_FONT* pNewFont[])
{
	unsigned short font_Width = 0;
	unsigned short i, Len = 0, c = 0, x_pos = 0, old_font_Width = 0;
	unsigned short Index, max = 0;
	unsigned char bFind = 0;

	GUI_FONT* pFont1[NUMBEROFFONT];
	GUI_FONT_PROP* pProp;	

	c = (*s++);

	for(i=0;i<NUMBEROFFONT;i++)
		pFont1[i] = (GUI_FONT*)pNewFont[i];

	if(pFont1[0] == pFont1[1])
		max = 1;
	else if(pFont1[1] == 0x0)
		max = 1;
	else
		max = NUMBEROFFONT;	

	x_pos = 0;

	while((c != 0) && (Len <= 0x7fff))
	{
		for(Index = 0; Index<max;Index++)
		{
			if((Index > 0) && (bFind == 1))
				Index = 0;
			for (pProp = (GUI_FONT_PROP*)pFont1[Index]->pProp ; ; pProp = (GUI_FONT_PROP*)pProp->pNext) 
			{
				if(pProp == 0)
				{
					bFind = 0;
					break;
				}

				if ((c >= pProp->First) && (c <= pProp->Last))
				{
					bFind = 1;
					break;
				}
			}

			if(bFind == 1)
			{
				font_Width = (pProp->paCharInfo+(c-pProp->First))->XSize;		// Font Widht ??
				x_pos += old_font_Width;
				old_font_Width = font_Width;

				Len++;	

				c = (*s++);		// ?? ????????....
			}

		}
		if(bFind == 0)
			return x_pos+font_Width;
	}

	return x_pos+font_Width;


}


unsigned int GetStringLength(unsigned short *s, GUI_FONT* pNewFont[], unsigned short width, unsigned short *pWidthLength, unsigned short *pMaxLength)
{
	unsigned short font_Width = 0;
	unsigned short i, Len = 0, c = 0, x_pos = 0, old_font_Width = 0;
	unsigned short Index, max = 0;
	unsigned char bFind = 0;
	unsigned char font_MaxWidth = 0;

	GUI_FONT* pFont1[NUMBEROFFONT];
	GUI_FONT_PROP* pProp;	

	*pWidthLength = 0;
	*pMaxLength = 0;

	c = (*s++);

	for(i=0;i<NUMBEROFFONT;i++)
		pFont1[i] = (GUI_FONT*)pNewFont[i];

	if(pFont1[0] == pFont1[1])
		max = 1;
	else if(pFont1[1] == 0x0)
		max = 1;
	else
		max = NUMBEROFFONT;	

	x_pos = 0;

	while((c != 0) && (Len <= 0x7fff))
	{
		for(Index = 0; Index<max;Index++)
		{
			if((Index > 0) && (bFind == 1))
				Index = 0;
			for (pProp = (GUI_FONT_PROP*)pFont1[Index]->pProp ; ; pProp = (GUI_FONT_PROP*)pProp->pNext) 
			{
				if(pProp == 0)
				{
					bFind = 0;
					break;
				}

				if ((c >= pProp->First) && (c <= pProp->Last))
				{
					bFind = 1;
					break;
				}
			}

			if(bFind == 1)
			{
				font_Width = (pProp->paCharInfo+(c-pProp->First))->XSize;		// Font Widht ??
				x_pos += old_font_Width;
				old_font_Width = font_Width;

				Len++;	


				if(x_pos+font_Width < width)
					*pWidthLength = Len;

				if(old_font_Width > font_MaxWidth)
					font_MaxWidth = old_font_Width;


				c = (*s++);		// ?? ????????....
			}

		}
		if(bFind == 0)
		{
			*pMaxLength = Len;
			if(*pMaxLength > *pWidthLength)
				*pWidthLength = width/font_MaxWidth;

			return x_pos+font_Width;
		}
	}

	*pMaxLength = Len;
	if(*pMaxLength > *pWidthLength)
		*pWidthLength = width/font_MaxWidth;
	return x_pos+font_Width;

}

unsigned short GetStringMultiLine(unsigned short *s, GUI_FONT* pNewFont[], unsigned short width)
{
	unsigned short font_Width = 0;
	unsigned short Len = 0, c = 0, x_pos = 0, old_font_Width = 0;
	unsigned short space_len=0;
	unsigned short LineCount=0;
	unsigned short tempLength = 0;
	unsigned short i, Index, max = 0;
	unsigned char bFind = 0;

	GUI_FONT* pFont1[NUMBEROFFONT];
	GUI_FONT_PROP* pProp;	

	c = (*s++);

	for(i=0;i<NUMBEROFFONT;i++)
		pFont1[i] = (GUI_FONT*)pNewFont[i];

	if(pFont1[0] == pFont1[1])
		max = 1;
	else if(pFont1[1] == 0x0)
		max = 1;
	else
		max = NUMBEROFFONT;	

	memset((&arrMultiLen), 0x0, sizeof( arrMultiLen));

	while((c != 0) && (Len <= 0x7fff))
	{
		for(Index = 0; Index<max;Index++)
		{
			if((Index > 0) && (bFind == 1))
				Index = 0;

			for (pProp = (GUI_FONT_PROP*)pFont1[Index]->pProp ; ; pProp = (GUI_FONT_PROP*)pProp->pNext) 
			{
				if(pProp == 0)
				{
					bFind = 0;
					break;
				}

				if ((c >= pProp->First) && (c <= pProp->Last))
				{
					bFind = 1;
					break;
				}
			}

			if(bFind == 1)
			{
				// ???? ??? ??? 
				font_Width = (pProp->paCharInfo+(c-pProp->First))->XSize;		// Font Widht ??
				// ???? ??? ???????? ????
				x_pos += old_font_Width;
				old_font_Width = font_Width;

				Len++;	

				if(c == 0x20)
				{
					if((x_pos+font_Width) <= width)
					{
						space_len = Len;
						tempLength = x_pos+font_Width;
					}
					else
					{
						if(space_len == arrMultiLen[LineCount-1])
						{
							arrMultiLen[LineCount++] = Len;
							x_pos = 0;
						}
						else
						{
							arrMultiLen[LineCount++] = space_len;
							x_pos = x_pos - tempLength;
						}
					}
				}
				else if((x_pos+font_Width) >= width)
				{
					if(space_len == arrMultiLen[LineCount-1])
					{
						arrMultiLen[LineCount++] = Len-1;
						x_pos = 0;
					}
					else
					{
						arrMultiLen[LineCount++] = space_len;
						x_pos = x_pos - tempLength;
					}

				}

				c = (*s++);	
			}
		}
		if(bFind == 0)
		{
			if(x_pos+font_Width >= width)
				arrMultiLen[LineCount++] = space_len;

			arrMultiLen[LineCount++] = Len;

			return LineCount;
		}
	}

	if(x_pos+font_Width >= width)
		arrMultiLen[LineCount++] = space_len;

	arrMultiLen[LineCount++] = Len;

	return LineCount;
}


void DisplayStringAt(unsigned short *s, uint16_t x,uint16_t y, GUI_FONT* pNewFont[], uint32_t Color)
{
	unsigned char Intens;
	unsigned char* fontIntens;
	unsigned short font_Width, font_Height;
	unsigned short i, j, Len = 0, c = 0, x_pos = 0, old_font_Width = 0;
	unsigned short Index;
	unsigned char bFind = 0;
	GUI_FONT* pFont1[NUMBEROFFONT];
	unsigned char max = 2;
	GUI_FONT_PROP* pProp;	

	c = (*s++);

	for(i=0;i<NUMBEROFFONT;i++)
		pFont1[i] = (GUI_FONT*)pNewFont[i];

	if(pFont1[0] == pFont1[1])
		max = 1;
	else if(pFont1[1] == 0x0)
		max = 1;
	else
		max = NUMBEROFFONT;	

	font_Height = pFont1[0]->YSize;		// Font Height ??

	x_pos = x;

	while((c != 0) && (Len <= 0x7fff))
	{
		for(Index = 0; Index<max;Index++)
		{
			if((Index > 0) && (bFind == 1))
				Index = 0;
			for (pProp = (GUI_FONT_PROP*)pFont1[Index]->pProp ; ; pProp = (GUI_FONT_PROP*)pProp->pNext) 
			{
				if(pProp == 0)
				{
					bFind = 0;
					break;
				}

				if ((c >= pProp->First) && (c <= pProp->Last))
				{
					bFind = 1;
					break;
				}
			}

			if(bFind == 1)
			{
				font_Width = (pProp->paCharInfo+(c-pProp->First))->XSize;		// Font Widht ?? 
				x_pos += old_font_Width;
				old_font_Width = font_Width;

				fontIntens = (unsigned char*)(pProp->paCharInfo+(c-pProp->First))->pData;

				for(i = 0 ; i < font_Height ; i++)
				{
					for(j = 0 ; j < font_Width ; j+= 2)
					{
						Intens = ((*fontIntens) & 0xF0) >> 4;

						if(Intens != 0) 
						{
							LCD_Draw_Pixel_Buffer((x_pos + j), y+i, Color);
						}

						Intens = ((*fontIntens) & 0x0f);

						if(Intens != 0) 
						{
							LCD_Draw_Pixel_Buffer((x_pos + j+1), y+i, Color);
						}

						fontIntens++;
					}
				}

				Len++;	

				c = (*s++);		// ?? ????????....
			}

		}
		if(bFind == 0)
			return;
	}
}


void DisplayStringRightAt(unsigned short *s, uint16_t x,uint16_t y,  uint16_t width,GUI_FONT* pNewFont[], uint32_t Color)
{
	unsigned short offset;
	unsigned int strLength;

	strLength = GetStringLen(s, pNewFont);

	if(strLength < width)
		offset = width - strLength;
	else 
		offset = 0;

	DisplayStringAt(s, x+offset, y, pNewFont, Color);
}


void DisplayStringCenterAt(unsigned short *s, uint16_t x,uint16_t y,  uint16_t width,GUI_FONT* pNewFont[], uint32_t Color)
{
	unsigned short offset;
	unsigned int strLength;

	strLength = GetStringLen(s, pNewFont);

	if(strLength < width)
		offset = (width - strLength)/2;
	else 
		offset = 0;

	DisplayStringAt(s, x+offset, y, pNewFont, Color);
}


unsigned short DisplayStringAtWidth(unsigned short *s, uint16_t x,uint16_t y,  uint16_t width, GUI_FONT* pNewFont[], uint32_t Color)
{
	unsigned char Intens;
	unsigned char* fontIntens;
	unsigned short font_Width, font_Height;
	unsigned short i, j, Len = 0, c = 0, x_pos = 0, old_font_Width = 0;
	unsigned short Index;
	unsigned char bFind = 0;
	GUI_FONT* pFont1[NUMBEROFFONT];
	unsigned char max = 2;
	GUI_FONT_PROP* pProp;	

	c = (*s++);

	for(i=0;i<NUMBEROFFONT;i++)
		pFont1[i] = (GUI_FONT*)pNewFont[i];

	if(pFont1[0] == pFont1[1])
		max = 1;
	else if(pFont1[1] == 0x0)
		max = 1;
	else
		max = NUMBEROFFONT;	

	font_Height = pFont1[0]->YSize;		// Font Height ??

	x_pos = x;

	while((c != 0) && (Len <= 0x7fff))
	{
		for(Index = 0; Index<max;Index++)
		{
			if((Index > 0) && (bFind == 1))
				Index = 0;
			for (pProp = (GUI_FONT_PROP*)pFont1[Index]->pProp ; ; pProp = (GUI_FONT_PROP*)pProp->pNext) 
			{
				if(pProp == 0)
				{
					bFind = 0;
					break;
				}

				if ((c >= pProp->First) && (c <= pProp->Last))
				{
					bFind = 1;
					break;
				}
			}

			if(bFind == 1)
			{
				font_Width = (pProp->paCharInfo+(c-pProp->First))->XSize;		// Font Widht ??
				x_pos += old_font_Width;
				old_font_Width = font_Width;

				fontIntens = (unsigned char*)(pProp->paCharInfo+(c-pProp->First))->pData;
				
				if((x_pos+font_Width) >= (x+width))
					return x_pos;

				for(i = 0 ; i < font_Height ; i++)
				{
					for(j = 0 ; j < font_Width ; j+= 2)
					{
						//if((x_pos+j) >= (x+width))
						//	return x_pos;
						Intens = ((*fontIntens) & 0xF0) >> 4;

						if(Intens != 0) 
						{
							LCD_Draw_Pixel_Buffer((x_pos + j), y+i, Color);
						}

						Intens = ((*fontIntens) & 0x0f);

						if(Intens != 0) 
						{
							LCD_Draw_Pixel_Buffer((x_pos + j+1), y+i, Color);
						}

						fontIntens++;
					}
				}

				Len++;	

				c = (*s++);		// ?? ????????....
			}

		}
		if(bFind == 0)
			return x_pos;
	}

	return x_pos;
}

unsigned short DisplayMultiLineCenterStringAt(unsigned short *s, uint16_t x,uint16_t y, unsigned short width, unsigned short height, GUI_FONT* pNewFont[], uint32_t Color)
{
	unsigned char LineCount;
	unsigned short y_offset;
	unsigned short fontHeight;

	LineCount = GetStringMultiLine(s, pNewFont, width);
	y_offset = 0;
	fontHeight = pNewFont[0]->YSize;

	if(height == 0)
	{
		y_offset = 0;
	}
	else
	{
		y_offset = (height - (LineCount * fontHeight))/2;
		if((height - (LineCount * fontHeight)) % 2 == 1)
			y_offset -= 1;
	}

	for(int i=0;i<LineCount;i++)
	{
		unsigned short offset;
		unsigned int strLength;

		unsigned short covbuf[100];
		memset((&covbuf[0]), 0x0, sizeof( covbuf));

		if(i == 0)
			memcpy(&covbuf[0], &s[0], arrMultiLen[i]*sizeof(unsigned short));
		else
			memcpy(&covbuf[0], &s[arrMultiLen[i-1]], (arrMultiLen[i]-arrMultiLen[i-1])*sizeof(unsigned short));

		strLength = GetStringLen(covbuf, pNewFont);

		if(strLength < width)
			offset = (width - strLength)/2;
		else 
			offset = 0; 

		DisplayStringAt(covbuf, x+offset, y+y_offset, pNewFont, Color);

		y_offset += fontHeight;
	}

	return y_offset;
}


unsigned short DisplayMultiLineRightStringAt(unsigned short *s, uint16_t x,uint16_t y, unsigned short width, GUI_FONT* pNewFont[], uint32_t Color)
{
	unsigned char LineCount = GetStringMultiLine(s, pNewFont, width);
	unsigned short y_offset = 0;

	for(int i=0;i<LineCount;i++)
	{
		unsigned short offset;
		unsigned int strLength;

		unsigned short covbuf[100];
		memset((&covbuf[0]), 0x0, sizeof( covbuf));

		if(i == 0)
			memcpy(&covbuf[0], &s[0], arrMultiLen[i]*sizeof(unsigned short));
		else
			memcpy(&covbuf[0], &s[arrMultiLen[i-1]], (arrMultiLen[i]-arrMultiLen[i-1])*sizeof(unsigned short));

		strLength = GetStringLen(covbuf, pNewFont);

		if(strLength < width)
			offset = width - strLength;
		else 
			offset = 0;

		DisplayStringAt(covbuf, x+offset, y+y_offset, pNewFont, Color);

		y_offset += pNewFont[0]->YSize;
	}

	return y_offset;
}


unsigned short DisplayMultiLineStringAt(unsigned short *s, uint16_t x,uint16_t y, unsigned short width, unsigned short height, GUI_FONT* pNewFont[], uint32_t Color)
{
	unsigned char LineCount = GetStringMultiLine(s, pNewFont, width);
	unsigned short y_offset = 0;

	unsigned short fontHeight = pNewFont[0]->YSize;

	if(height == 0)
	{
		y_offset = 0;
	}
	else
	{
		y_offset = (height - (LineCount * fontHeight))/2;
		if((height - (LineCount * fontHeight)) % 2 == 1)
			y_offset -= 1;
	}


	for(int i=0;i<LineCount;i++)
	{
		unsigned short covbuf[100];
		memset((&covbuf[0]), 0x0, sizeof( covbuf));

		if(i == 0)
			memcpy(&covbuf[0], &s[0], arrMultiLen[i]*sizeof(unsigned short));
		else
			memcpy(&covbuf[0], &s[arrMultiLen[i-1]], (arrMultiLen[i]-arrMultiLen[i-1])*sizeof(unsigned short));

		DisplayStringAt(covbuf, x, y+y_offset, pNewFont, Color);

		y_offset += pNewFont[0]->YSize;
	}

	return y_offset;
}
